Trade Date,Investments,Ticker,Transaction,Transaction Amount,Share Price,Total shares
02/09/2017,DFA Emerging Markets Small Cap,DEMSX,Exchange Redemption,-147.22,20.31,-7.248,
02/09/2017,DFA Emerging Markets Small Cap,DEMSX,Exchange Redemption,-78.36,20.31,-3.858,
02/09/2017,DFA Emerging Markets Small Cap,DEMSX,Exchange Redemption,-100.55,20.31,-4.951,
02/06/2017,DFA Emerging Markets Small Cap,DEMSX,Exchange Redemption,-225.72,20.12,-11.219,
02/06/2017,DFA Emerging Markets Small Cap,DEMSX,Exchange Redemption,-120.13,20.12,-5.971,
02/06/2017,DFA Emerging Markets Small Cap,DEMSX,Exchange Redemption,-154.15,20.12,-7.662,
02/02/2017,DFA Emerging Markets Small Cap,DEMSX,Exchange Redemption,-225.72,19.95,-11.314,
02/02/2017,DFA Emerging Markets Small Cap,DEMSX,Exchange Redemption,-120.13,19.95,-6.022,
02/02/2017,DFA Emerging Markets Small Cap,DEMSX,Exchange Redemption,-154.15,19.95,-7.727,
02/01/2017,DFA Emerging Markets Small Cap,DEMSX,Exchange Redemption,-225.72,19.78,-11.412,
02/01/2017,DFA Emerging Markets Small Cap,DEMSX,Exchange Redemption,-120.14,19.78,-6.074,
02/01/2017,DFA Emerging Markets Small Cap,DEMSX,Exchange Redemption,-154.14,19.78,-7.793,
01/25/2017,DFA Emerging Markets Small Cap,DEMSX,Exchange Redemption,-451.44,19.64,-22.986,
01/25/2017,DFA Emerging Markets Small Cap,DEMSX,Exchange Redemption,-240.26,19.64,-12.233,
01/25/2017,DFA Emerging Markets Small Cap,DEMSX,Exchange Redemption,-308.30,19.64,-15.698,
01/24/2017,DFA Emerging Markets Small Cap,DEMSX,Exchange Redemption,-225.72,19.58,-11.528,
01/24/2017,DFA Emerging Markets Small Cap,DEMSX,Exchange Redemption,-120.14,19.58,-6.136,
01/24/2017,DFA Emerging Markets Small Cap,DEMSX,Exchange Redemption,-154.14,19.58,-7.872,
01/23/2017,DFA Emerging Markets Small Cap,DEMSX,Exchange Redemption,-225.72,19.43,-11.617,
01/23/2017,DFA Emerging Markets Small Cap,DEMSX,Exchange Redemption,-120.14,19.43,-6.183,
01/23/2017,DFA Emerging Markets Small Cap,DEMSX,Exchange Redemption,-154.14,19.43,-7.933,
01/20/2017,DFA Emerging Markets Small Cap,DEMSX,Exchange Redemption,-225.72,19.28,-11.707,
01/20/2017,DFA Emerging Markets Small Cap,DEMSX,Exchange Redemption,-120.14,19.28,-6.231,
01/20/2017,DFA Emerging Markets Small Cap,DEMSX,Exchange Redemption,-154.14,19.28,-7.995,
01/12/2017,DFA Emerging Markets Small Cap,DEMSX,Exchange Redemption,-225.72,19.24,-11.732,
01/12/2017,DFA Emerging Markets Small Cap,DEMSX,Exchange Redemption,-120.14,19.24,-6.244,
01/12/2017,DFA Emerging Markets Small Cap,DEMSX,Exchange Redemption,-154.14,19.24,-8.011,
01/11/2017,DFA Emerging Markets Small Cap,DEMSX,Exchange Redemption,-225.72,19.05,-11.849,
01/11/2017,DFA Emerging Markets Small Cap,DEMSX,Exchange Redemption,-120.14,19.05,-6.307,
01/11/2017,DFA Emerging Markets Small Cap,DEMSX,Exchange Redemption,-154.14,19.05,-8.091,
01/10/2017,DFA Emerging Markets Small Cap,DEMSX,Exchange Redemption,-225.72,18.95,-11.911,
01/10/2017,DFA Emerging Markets Small Cap,DEMSX,Exchange Redemption,-120.14,18.95,-6.340,
01/10/2017,DFA Emerging Markets Small Cap,DEMSX,Exchange Redemption,-154.14,18.95,-8.134,
01/05/2017,DFA Emerging Markets Small Cap,DEMSX,Exchange Redemption,-225.72,19.03,-11.861,
01/05/2017,DFA Emerging Markets Small Cap,DEMSX,Exchange Redemption,-120.14,19.03,-6.313,
01/05/2017,DFA Emerging Markets Small Cap,DEMSX,Exchange Redemption,-154.14,19.03,-8.100,
03/30/2017,DFA Investment Grade,DFAPX,Ordinary Dividend Reinvestment Increase,39.29,10.74,3.658,
03/30/2017,DFA Investment Grade,DFAPX,Ordinary Dividend Reinvestment Increase,16.53,10.74,1.539,
03/30/2017,DFA Investment Grade,DFAPX,Ordinary Dividend Reinvestment Increase,25.17,10.74,2.344,
03/29/2017,DFA Investment Grade,DFAPX,Exchange Purchase,236.37,10.81,21.866,
03/29/2017,DFA Investment Grade,DFAPX,Exchange Purchase,107.42,10.81,9.937,
03/29/2017,DFA Investment Grade,DFAPX,Exchange Purchase,156.21,10.81,14.450,
03/28/2017,DFA Investment Grade,DFAPX,Exchange Purchase,472.75,10.79,43.814,
03/28/2017,DFA Investment Grade,DFAPX,Exchange Purchase,214.84,10.79,19.911,
03/28/2017,DFA Investment Grade,DFAPX,Exchange Purchase,312.41,10.79,28.954,
03/27/2017,DFA Investment Grade,DFAPX,Exchange Purchase,236.37,10.81,21.866,
03/27/2017,DFA Investment Grade,DFAPX,Exchange Purchase,107.42,10.81,9.937,
03/27/2017,DFA Investment Grade,DFAPX,Exchange Purchase,156.21,10.81,14.450,
03/24/2017,DFA Investment Grade,DFAPX,Exchange Purchase,236.37,10.79,21.906,
03/24/2017,DFA Investment Grade,DFAPX,Exchange Purchase,107.42,10.79,9.956,
03/24/2017,DFA Investment Grade,DFAPX,Exchange Purchase,156.21,10.79,14.477,
03/22/2017,DFA Investment Grade,DFAPX,Exchange Purchase,236.37,10.79,21.906,
03/22/2017,DFA Investment Grade,DFAPX,Exchange Purchase,107.42,10.79,9.956,
03/22/2017,DFA Investment Grade,DFAPX,Exchange Purchase,156.21,10.79,14.477,
03/21/2017,DFA Investment Grade,DFAPX,Exchange Purchase,236.37,10.78,21.927,
03/21/2017,DFA Investment Grade,DFAPX,Exchange Purchase,107.42,10.78,9.965,
03/21/2017,DFA Investment Grade,DFAPX,Exchange Purchase,156.21,10.78,14.491,
03/20/2017,DFA Investment Grade,DFAPX,Exchange Purchase,236.37,10.76,21.968,
03/20/2017,DFA Investment Grade,DFAPX,Exchange Purchase,107.42,10.76,9.983,
03/20/2017,DFA Investment Grade,DFAPX,Exchange Purchase,156.21,10.76,14.518,
03/17/2017,DFA Investment Grade,DFAPX,Exchange Purchase,236.37,10.74,22.008,
03/17/2017,DFA Investment Grade,DFAPX,Exchange Purchase,107.42,10.74,10.002,
03/17/2017,DFA Investment Grade,DFAPX,Exchange Purchase,156.21,10.74,14.545,
03/16/2017,DFA Investment Grade,DFAPX,Exchange Purchase,354.56,10.72,33.075,
03/16/2017,DFA Investment Grade,DFAPX,Exchange Purchase,161.13,10.72,15.031,
03/16/2017,DFA Investment Grade,DFAPX,Exchange Purchase,234.31,10.72,21.857,
03/15/2017,DFA Investment Grade,DFAPX,Exchange Purchase,472.75,10.73,44.059,
03/15/2017,DFA Investment Grade,DFAPX,Exchange Purchase,214.84,10.73,20.022,
03/15/2017,DFA Investment Grade,DFAPX,Exchange Purchase,312.41,10.73,29.116,
03/02/2017,DFA Investment Grade,DFAPX,Exchange Purchase,118.19,10.73,11.015,
03/02/2017,DFA Investment Grade,DFAPX,Exchange Purchase,53.71,10.73,5.006,
03/02/2017,DFA Investment Grade,DFAPX,Exchange Purchase,78.10,10.73,7.279,
02/15/2017,DFA Investment Grade,DFAPX,Exchange Purchase,470.67,10.70,43.988,
02/15/2017,DFA Investment Grade,DFAPX,Exchange Purchase,216.86,10.70,20.267,
02/15/2017,DFA Investment Grade,DFAPX,Exchange Purchase,312.47,10.70,29.203,
02/14/2017,DFA Investment Grade,DFAPX,Exchange Purchase,352.71,10.72,32.902,
02/14/2017,DFA Investment Grade,DFAPX,Exchange Purchase,162.93,10.72,15.199,
02/14/2017,DFA Investment Grade,DFAPX,Exchange Purchase,234.36,10.72,21.862,
02/13/2017,DFA Investment Grade,DFAPX,Exchange Purchase,235.14,10.74,21.894,
02/13/2017,DFA Investment Grade,DFAPX,Exchange Purchase,108.62,10.74,10.114,
02/13/2017,DFA Investment Grade,DFAPX,Exchange Purchase,156.24,10.74,14.547,
02/10/2017,DFA Investment Grade,DFAPX,Exchange Purchase,163.45,10.75,15.205,
02/10/2017,DFA Investment Grade,DFAPX,Exchange Purchase,9.62,10.75,0.895,
02/10/2017,DFA Investment Grade,DFAPX,Exchange Purchase,76.93,10.75,7.156,
02/09/2017,DFA Investment Grade,DFAPX,Exchange Purchase,163.47,10.76,15.192,
02/09/2017,DFA Investment Grade,DFAPX,Exchange Purchase,9.61,10.76,0.893,
02/09/2017,DFA Investment Grade,DFAPX,Exchange Purchase,76.92,10.76,7.149,
02/01/2017,DFA Investment Grade,DFAPX,Exchange Purchase,163.46,10.71,15.262,
02/01/2017,DFA Investment Grade,DFAPX,Exchange Purchase,9.62,10.71,0.898,
02/01/2017,DFA Investment Grade,DFAPX,Exchange Purchase,76.92,10.71,7.182,
01/25/2017,DFA Investment Grade,DFAPX,Exchange Purchase,472.65,10.68,44.256,
01/25/2017,DFA Investment Grade,DFAPX,Exchange Purchase,214.31,10.68,20.067,
01/25/2017,DFA Investment Grade,DFAPX,Exchange Purchase,313.04,10.68,29.311,
01/24/2017,DFA Investment Grade,DFAPX,Exchange Purchase,113.03,10.71,10.554,
01/24/2017,DFA Investment Grade,DFAPX,Exchange Purchase,60.00,10.71,5.602,
01/24/2017,DFA Investment Grade,DFAPX,Exchange Purchase,76.97,10.71,7.187,
01/20/2017,DFA Investment Grade,DFAPX,Exchange Purchase,118.47,10.70,11.072,
01/20/2017,DFA Investment Grade,DFAPX,Exchange Purchase,53.17,10.70,4.969,
01/20/2017,DFA Investment Grade,DFAPX,Exchange Purchase,78.36,10.70,7.323,
01/19/2017,DFA Investment Grade,DFAPX,Exchange Purchase,355.40,10.69,33.246,
01/19/2017,DFA Investment Grade,DFAPX,Exchange Purchase,159.50,10.69,14.921,
01/19/2017,DFA Investment Grade,DFAPX,Exchange Purchase,235.10,10.69,21.992,
01/18/2017,DFA Investment Grade,DFAPX,Exchange Purchase,118.47,10.72,11.051,
01/18/2017,DFA Investment Grade,DFAPX,Exchange Purchase,53.17,10.72,4.960,
01/18/2017,DFA Investment Grade,DFAPX,Exchange Purchase,78.36,10.72,7.310,
01/17/2017,DFA Investment Grade,DFAPX,Exchange Purchase,118.47,10.78,10.990,
01/17/2017,DFA Investment Grade,DFAPX,Exchange Purchase,53.17,10.78,4.932,
01/17/2017,DFA Investment Grade,DFAPX,Exchange Purchase,78.36,10.78,7.269,
01/13/2017,DFA Investment Grade,DFAPX,Exchange Purchase,118.09,10.73,11.006,
01/13/2017,DFA Investment Grade,DFAPX,Exchange Purchase,53.53,10.73,4.989,
01/13/2017,DFA Investment Grade,DFAPX,Exchange Purchase,78.38,10.73,7.305,
01/12/2017,DFA Investment Grade,DFAPX,Exchange Purchase,113.03,10.75,10.514,
01/12/2017,DFA Investment Grade,DFAPX,Exchange Purchase,60.00,10.75,5.581,
01/12/2017,DFA Investment Grade,DFAPX,Exchange Purchase,76.97,10.75,7.160,
01/11/2017,DFA Investment Grade,DFAPX,Exchange Purchase,118.32,10.74,11.017,
01/11/2017,DFA Investment Grade,DFAPX,Exchange Purchase,53.17,10.74,4.951,
01/11/2017,DFA Investment Grade,DFAPX,Exchange Purchase,78.51,10.74,7.310,
01/10/2017,DFA Investment Grade,DFAPX,Exchange Purchase,118.48,10.74,11.032,
01/10/2017,DFA Investment Grade,DFAPX,Exchange Purchase,52.96,10.74,4.931,
01/10/2017,DFA Investment Grade,DFAPX,Exchange Purchase,78.56,10.74,7.315,
01/09/2017,DFA Investment Grade,DFAPX,Exchange Purchase,118.48,10.74,11.032,
01/09/2017,DFA Investment Grade,DFAPX,Exchange Purchase,52.96,10.74,4.931,
01/09/2017,DFA Investment Grade,DFAPX,Exchange Purchase,78.56,10.74,7.315,
01/04/2017,DFA Investment Grade,DFAPX,Exchange Purchase,118.13,10.70,11.040,
01/04/2017,DFA Investment Grade,DFAPX,Exchange Purchase,53.03,10.70,4.956,
01/04/2017,DFA Investment Grade,DFAPX,Exchange Purchase,78.84,10.70,7.368,
01/03/2017,DFA Investment Grade,DFAPX,Exchange Purchase,187.50,10.69,17.540,
01/03/2017,DFA Investment Grade,DFAPX,Exchange Purchase,12.50,10.69,1.169,
01/03/2017,DFA Investment Grade,DFAPX,Exchange Purchase,50.00,10.69,4.677,
02/09/2017,DFA Emerging Markets Core Equity,DFCEX,Exchange Redemption,-318.30,18.90,-16.841,
02/09/2017,DFA Emerging Markets Core Equity,DFCEX,Exchange Redemption,-168.96,18.90,-8.940,
02/09/2017,DFA Emerging Markets Core Equity,DFCEX,Exchange Redemption,-216.78,18.90,-11.470,
02/06/2017,DFA Emerging Markets Core Equity,DFCEX,Exchange Redemption,-452.11,18.78,-24.074,
02/06/2017,DFA Emerging Markets Core Equity,DFCEX,Exchange Redemption,-239.99,18.78,-12.779,
02/06/2017,DFA Emerging Markets Core Equity,DFCEX,Exchange Redemption,-307.90,18.78,-16.395,
02/02/2017,DFA Emerging Markets Core Equity,DFCEX,Exchange Redemption,-452.11,18.64,-24.255,
02/02/2017,DFA Emerging Markets Core Equity,DFCEX,Exchange Redemption,-239.99,18.64,-12.875,
02/02/2017,DFA Emerging Markets Core Equity,DFCEX,Exchange Redemption,-307.90,18.64,-16.518,
02/01/2017,DFA Emerging Markets Core Equity,DFCEX,Exchange Redemption,-452.11,18.53,-24.399,
02/01/2017,DFA Emerging Markets Core Equity,DFCEX,Exchange Redemption,-239.99,18.53,-12.951,
02/01/2017,DFA Emerging Markets Core Equity,DFCEX,Exchange Redemption,-307.90,18.53,-16.616,
01/25/2017,DFA Emerging Markets Core Equity,DFCEX,Exchange Redemption,-904.22,18.51,-48.850,
01/25/2017,DFA Emerging Markets Core Equity,DFCEX,Exchange Redemption,-479.98,18.51,-25.931,
01/25/2017,DFA Emerging Markets Core Equity,DFCEX,Exchange Redemption,-615.80,18.51,-33.269,
01/24/2017,DFA Emerging Markets Core Equity,DFCEX,Exchange Redemption,-452.12,18.41,-24.558,
01/24/2017,DFA Emerging Markets Core Equity,DFCEX,Exchange Redemption,-240.00,18.41,-13.036,
01/24/2017,DFA Emerging Markets Core Equity,DFCEX,Exchange Redemption,-307.88,18.41,-16.724,
01/23/2017,DFA Emerging Markets Core Equity,DFCEX,Exchange Redemption,-452.11,18.27,-24.746,
01/23/2017,DFA Emerging Markets Core Equity,DFCEX,Exchange Redemption,-239.99,18.27,-13.136,
01/23/2017,DFA Emerging Markets Core Equity,DFCEX,Exchange Redemption,-307.90,18.27,-16.853,
01/20/2017,DFA Emerging Markets Core Equity,DFCEX,Exchange Redemption,-452.11,18.08,-25.006,
01/20/2017,DFA Emerging Markets Core Equity,DFCEX,Exchange Redemption,-239.99,18.08,-13.274,
01/20/2017,DFA Emerging Markets Core Equity,DFCEX,Exchange Redemption,-307.90,18.08,-17.030,
01/12/2017,DFA Emerging Markets Core Equity,DFCEX,Exchange Redemption,-452.12,18.09,-24.993,
01/12/2017,DFA Emerging Markets Core Equity,DFCEX,Exchange Redemption,-240.00,18.09,-13.267,
01/12/2017,DFA Emerging Markets Core Equity,DFCEX,Exchange Redemption,-307.88,18.09,-17.019,
01/11/2017,DFA Emerging Markets Core Equity,DFCEX,Exchange Redemption,-452.11,17.94,-25.201,
01/11/2017,DFA Emerging Markets Core Equity,DFCEX,Exchange Redemption,-239.99,17.94,-13.377,
01/11/2017,DFA Emerging Markets Core Equity,DFCEX,Exchange Redemption,-307.90,17.94,-17.163,
01/10/2017,DFA Emerging Markets Core Equity,DFCEX,Exchange Redemption,-452.11,17.82,-25.371,
01/10/2017,DFA Emerging Markets Core Equity,DFCEX,Exchange Redemption,-239.99,17.82,-13.467,
01/10/2017,DFA Emerging Markets Core Equity,DFCEX,Exchange Redemption,-307.90,17.82,-17.278,
01/05/2017,DFA Emerging Markets Core Equity,DFCEX,Exchange Redemption,-452.11,17.83,-25.357,
01/05/2017,DFA Emerging Markets Core Equity,DFCEX,Exchange Redemption,-239.99,17.83,-13.460,
01/05/2017,DFA Emerging Markets Core Equity,DFCEX,Exchange Redemption,-307.90,17.83,-17.269,
02/09/2017,DFA Emerging Markets Value,DFEVX,Exchange Redemption,-327.70,26.13,-12.541,
02/09/2017,DFA Emerging Markets Value,DFEVX,Exchange Redemption,-173.69,26.13,-6.647,
02/09/2017,DFA Emerging Markets Value,DFEVX,Exchange Redemption,-223.39,26.13,-8.549,
02/06/2017,DFA Emerging Markets Value,DFEVX,Exchange Redemption,-226.07,25.93,-8.719,
02/06/2017,DFA Emerging Markets Value,DFEVX,Exchange Redemption,-119.83,25.93,-4.621,
02/06/2017,DFA Emerging Markets Value,DFEVX,Exchange Redemption,-154.10,25.93,-5.943,
02/02/2017,DFA Emerging Markets Value,DFEVX,Exchange Redemption,-226.08,25.83,-8.753,
02/02/2017,DFA Emerging Markets Value,DFEVX,Exchange Redemption,-119.82,25.83,-4.639,
02/02/2017,DFA Emerging Markets Value,DFEVX,Exchange Redemption,-154.10,25.83,-5.966,
02/01/2017,DFA Emerging Markets Value,DFEVX,Exchange Redemption,-226.08,25.69,-8.800,
02/01/2017,DFA Emerging Markets Value,DFEVX,Exchange Redemption,-119.82,25.69,-4.664,
02/01/2017,DFA Emerging Markets Value,DFEVX,Exchange Redemption,-154.10,25.69,-5.998,
01/25/2017,DFA Emerging Markets Value,DFEVX,Exchange Redemption,-452.14,25.62,-17.648,
01/25/2017,DFA Emerging Markets Value,DFEVX,Exchange Redemption,-239.66,25.62,-9.354,
01/25/2017,DFA Emerging Markets Value,DFEVX,Exchange Redemption,-308.20,25.62,-12.030,
01/24/2017,DFA Emerging Markets Value,DFEVX,Exchange Redemption,-226.08,25.55,-8.848,
01/24/2017,DFA Emerging Markets Value,DFEVX,Exchange Redemption,-119.82,25.55,-4.690,
01/24/2017,DFA Emerging Markets Value,DFEVX,Exchange Redemption,-154.10,25.55,-6.031,
01/23/2017,DFA Emerging Markets Value,DFEVX,Exchange Redemption,-226.07,25.37,-8.911,
01/23/2017,DFA Emerging Markets Value,DFEVX,Exchange Redemption,-119.83,25.37,-4.723,
01/23/2017,DFA Emerging Markets Value,DFEVX,Exchange Redemption,-154.10,25.37,-6.074,
01/20/2017,DFA Emerging Markets Value,DFEVX,Exchange Redemption,-226.07,25.15,-8.989,
01/20/2017,DFA Emerging Markets Value,DFEVX,Exchange Redemption,-119.83,25.15,-4.765,
01/20/2017,DFA Emerging Markets Value,DFEVX,Exchange Redemption,-154.10,25.15,-6.127,
01/12/2017,DFA Emerging Markets Value,DFEVX,Exchange Redemption,-226.08,25.09,-9.011,
01/12/2017,DFA Emerging Markets Value,DFEVX,Exchange Redemption,-119.82,25.09,-4.776,
01/12/2017,DFA Emerging Markets Value,DFEVX,Exchange Redemption,-154.10,25.09,-6.142,
01/11/2017,DFA Emerging Markets Value,DFEVX,Exchange Redemption,-226.08,24.89,-9.083,
01/11/2017,DFA Emerging Markets Value,DFEVX,Exchange Redemption,-119.82,24.89,-4.814,
01/11/2017,DFA Emerging Markets Value,DFEVX,Exchange Redemption,-154.10,24.89,-6.191,
01/10/2017,DFA Emerging Markets Value,DFEVX,Exchange Redemption,-226.07,24.65,-9.171,
01/10/2017,DFA Emerging Markets Value,DFEVX,Exchange Redemption,-119.83,24.65,-4.861,
01/10/2017,DFA Emerging Markets Value,DFEVX,Exchange Redemption,-154.10,24.65,-6.252,
01/05/2017,DFA Emerging Markets Value,DFEVX,Exchange Redemption,-226.08,24.66,-9.168,
01/05/2017,DFA Emerging Markets Value,DFEVX,Exchange Redemption,-119.82,24.66,-4.859,
01/05/2017,DFA Emerging Markets Value,DFEVX,Exchange Redemption,-154.10,24.66,-6.249,
03/30/2017,DFA Five-Year Global Fixed Income,DFGBX,Ordinary Dividend Reinvestment Increase,29.35,10.90,2.693,
03/30/2017,DFA Five-Year Global Fixed Income,DFGBX,Ordinary Dividend Reinvestment Increase,12.35,10.90,1.133,
03/30/2017,DFA Five-Year Global Fixed Income,DFGBX,Ordinary Dividend Reinvestment Increase,18.81,10.90,1.726,
03/29/2017,DFA Five-Year Global Fixed Income,DFGBX,Exchange Purchase,236.37,10.95,21.586,
03/29/2017,DFA Five-Year Global Fixed Income,DFGBX,Exchange Purchase,107.42,10.95,9.810,
03/29/2017,DFA Five-Year Global Fixed Income,DFGBX,Exchange Purchase,156.21,10.95,14.266,
03/28/2017,DFA Five-Year Global Fixed Income,DFGBX,Exchange Purchase,472.75,10.94,43.213,
03/28/2017,DFA Five-Year Global Fixed Income,DFGBX,Exchange Purchase,214.84,10.94,19.638,
03/28/2017,DFA Five-Year Global Fixed Income,DFGBX,Exchange Purchase,312.41,10.94,28.557,
03/27/2017,DFA Five-Year Global Fixed Income,DFGBX,Exchange Purchase,236.37,10.95,21.586,
03/27/2017,DFA Five-Year Global Fixed Income,DFGBX,Exchange Purchase,107.42,10.95,9.810,
03/27/2017,DFA Five-Year Global Fixed Income,DFGBX,Exchange Purchase,156.21,10.95,14.266,
03/24/2017,DFA Five-Year Global Fixed Income,DFGBX,Exchange Purchase,236.37,10.94,21.606,
03/24/2017,DFA Five-Year Global Fixed Income,DFGBX,Exchange Purchase,107.42,10.94,9.819,
03/24/2017,DFA Five-Year Global Fixed Income,DFGBX,Exchange Purchase,156.21,10.94,14.279,
03/22/2017,DFA Five-Year Global Fixed Income,DFGBX,Exchange Purchase,236.37,10.94,21.606,
03/22/2017,DFA Five-Year Global Fixed Income,DFGBX,Exchange Purchase,107.42,10.94,9.819,
03/22/2017,DFA Five-Year Global Fixed Income,DFGBX,Exchange Purchase,156.21,10.94,14.279,
03/21/2017,DFA Five-Year Global Fixed Income,DFGBX,Exchange Purchase,236.37,10.94,21.606,
03/21/2017,DFA Five-Year Global Fixed Income,DFGBX,Exchange Purchase,107.42,10.94,9.819,
03/21/2017,DFA Five-Year Global Fixed Income,DFGBX,Exchange Purchase,156.21,10.94,14.279,
03/20/2017,DFA Five-Year Global Fixed Income,DFGBX,Exchange Purchase,236.37,10.92,21.646,
03/20/2017,DFA Five-Year Global Fixed Income,DFGBX,Exchange Purchase,107.42,10.92,9.837,
03/20/2017,DFA Five-Year Global Fixed Income,DFGBX,Exchange Purchase,156.21,10.92,14.305,
03/17/2017,DFA Five-Year Global Fixed Income,DFGBX,Exchange Purchase,236.37,10.91,21.665,
03/17/2017,DFA Five-Year Global Fixed Income,DFGBX,Exchange Purchase,107.42,10.91,9.846,
03/17/2017,DFA Five-Year Global Fixed Income,DFGBX,Exchange Purchase,156.21,10.91,14.318,
03/16/2017,DFA Five-Year Global Fixed Income,DFGBX,Exchange Purchase,354.56,10.90,32.528,
03/16/2017,DFA Five-Year Global Fixed Income,DFGBX,Exchange Purchase,161.13,10.90,14.783,
03/16/2017,DFA Five-Year Global Fixed Income,DFGBX,Exchange Purchase,234.31,10.90,21.496,
03/15/2017,DFA Five-Year Global Fixed Income,DFGBX,Exchange Purchase,472.75,10.91,43.332,
03/15/2017,DFA Five-Year Global Fixed Income,DFGBX,Exchange Purchase,214.84,10.91,19.692,
03/15/2017,DFA Five-Year Global Fixed Income,DFGBX,Exchange Purchase,312.41,10.91,28.635,
03/02/2017,DFA Five-Year Global Fixed Income,DFGBX,Exchange Purchase,118.19,10.90,10.843,
03/02/2017,DFA Five-Year Global Fixed Income,DFGBX,Exchange Purchase,53.71,10.90,4.928,
03/02/2017,DFA Five-Year Global Fixed Income,DFGBX,Exchange Purchase,78.10,10.90,7.165,
02/15/2017,DFA Five-Year Global Fixed Income,DFGBX,Exchange Purchase,470.67,10.89,43.220,
02/15/2017,DFA Five-Year Global Fixed Income,DFGBX,Exchange Purchase,216.86,10.89,19.914,
02/15/2017,DFA Five-Year Global Fixed Income,DFGBX,Exchange Purchase,312.47,10.89,28.693,
02/14/2017,DFA Five-Year Global Fixed Income,DFGBX,Exchange Purchase,352.71,10.90,32.359,
02/14/2017,DFA Five-Year Global Fixed Income,DFGBX,Exchange Purchase,162.93,10.90,14.948,
02/14/2017,DFA Five-Year Global Fixed Income,DFGBX,Exchange Purchase,234.36,10.90,21.501,
02/13/2017,DFA Five-Year Global Fixed Income,DFGBX,Exchange Purchase,235.14,10.91,21.553,
02/13/2017,DFA Five-Year Global Fixed Income,DFGBX,Exchange Purchase,108.62,10.91,9.956,
02/13/2017,DFA Five-Year Global Fixed Income,DFGBX,Exchange Purchase,156.24,10.91,14.321,
02/10/2017,DFA Five-Year Global Fixed Income,DFGBX,Exchange Purchase,163.45,10.92,14.968,
02/10/2017,DFA Five-Year Global Fixed Income,DFGBX,Exchange Purchase,9.62,10.92,0.881,
02/10/2017,DFA Five-Year Global Fixed Income,DFGBX,Exchange Purchase,76.93,10.92,7.045,
02/09/2017,DFA Five-Year Global Fixed Income,DFGBX,Exchange Purchase,163.47,10.92,14.970,
02/09/2017,DFA Five-Year Global Fixed Income,DFGBX,Exchange Purchase,9.61,10.92,0.880,
02/09/2017,DFA Five-Year Global Fixed Income,DFGBX,Exchange Purchase,76.92,10.92,7.044,
02/01/2017,DFA Five-Year Global Fixed Income,DFGBX,Exchange Purchase,163.46,10.90,14.996,
02/01/2017,DFA Five-Year Global Fixed Income,DFGBX,Exchange Purchase,9.62,10.90,0.883,
02/01/2017,DFA Five-Year Global Fixed Income,DFGBX,Exchange Purchase,76.92,10.90,7.057,
01/25/2017,DFA Five-Year Global Fixed Income,DFGBX,Exchange Purchase,472.65,10.88,43.442,
01/25/2017,DFA Five-Year Global Fixed Income,DFGBX,Exchange Purchase,214.31,10.88,19.698,
01/25/2017,DFA Five-Year Global Fixed Income,DFGBX,Exchange Purchase,313.04,10.88,28.772,
01/24/2017,DFA Five-Year Global Fixed Income,DFGBX,Exchange Purchase,113.03,10.89,10.379,
01/24/2017,DFA Five-Year Global Fixed Income,DFGBX,Exchange Purchase,60.00,10.89,5.510,
01/24/2017,DFA Five-Year Global Fixed Income,DFGBX,Exchange Purchase,76.97,10.89,7.068,
01/20/2017,DFA Five-Year Global Fixed Income,DFGBX,Exchange Purchase,118.47,10.89,10.879,
01/20/2017,DFA Five-Year Global Fixed Income,DFGBX,Exchange Purchase,53.17,10.89,4.883,
01/20/2017,DFA Five-Year Global Fixed Income,DFGBX,Exchange Purchase,78.36,10.89,7.196,
01/19/2017,DFA Five-Year Global Fixed Income,DFGBX,Exchange Purchase,355.40,10.87,32.696,
01/19/2017,DFA Five-Year Global Fixed Income,DFGBX,Exchange Purchase,159.50,10.87,14.673,
01/19/2017,DFA Five-Year Global Fixed Income,DFGBX,Exchange Purchase,235.10,10.87,21.628,
01/18/2017,DFA Five-Year Global Fixed Income,DFGBX,Exchange Purchase,118.47,10.88,10.889,
01/18/2017,DFA Five-Year Global Fixed Income,DFGBX,Exchange Purchase,53.17,10.88,4.887,
01/18/2017,DFA Five-Year Global Fixed Income,DFGBX,Exchange Purchase,78.36,10.88,7.202,
01/17/2017,DFA Five-Year Global Fixed Income,DFGBX,Exchange Purchase,118.47,10.91,10.859,
01/17/2017,DFA Five-Year Global Fixed Income,DFGBX,Exchange Purchase,53.17,10.91,4.873,
01/17/2017,DFA Five-Year Global Fixed Income,DFGBX,Exchange Purchase,78.36,10.91,7.182,
01/13/2017,DFA Five-Year Global Fixed Income,DFGBX,Exchange Purchase,118.09,10.89,10.844,
01/13/2017,DFA Five-Year Global Fixed Income,DFGBX,Exchange Purchase,53.53,10.89,4.915,
01/13/2017,DFA Five-Year Global Fixed Income,DFGBX,Exchange Purchase,78.38,10.89,7.197,
01/12/2017,DFA Five-Year Global Fixed Income,DFGBX,Exchange Purchase,113.03,10.90,10.370,
01/12/2017,DFA Five-Year Global Fixed Income,DFGBX,Exchange Purchase,60.00,10.90,5.505,
01/12/2017,DFA Five-Year Global Fixed Income,DFGBX,Exchange Purchase,76.97,10.90,7.061,
01/11/2017,DFA Five-Year Global Fixed Income,DFGBX,Exchange Purchase,118.32,10.89,10.865,
01/11/2017,DFA Five-Year Global Fixed Income,DFGBX,Exchange Purchase,53.17,10.89,4.883,
01/11/2017,DFA Five-Year Global Fixed Income,DFGBX,Exchange Purchase,78.51,10.89,7.209,
01/10/2017,DFA Five-Year Global Fixed Income,DFGBX,Exchange Purchase,118.48,10.89,10.880,
01/10/2017,DFA Five-Year Global Fixed Income,DFGBX,Exchange Purchase,52.96,10.89,4.863,
01/10/2017,DFA Five-Year Global Fixed Income,DFGBX,Exchange Purchase,78.56,10.89,7.214,
01/09/2017,DFA Five-Year Global Fixed Income,DFGBX,Exchange Purchase,118.48,10.89,10.880,
01/09/2017,DFA Five-Year Global Fixed Income,DFGBX,Exchange Purchase,52.96,10.89,4.863,
01/09/2017,DFA Five-Year Global Fixed Income,DFGBX,Exchange Purchase,78.56,10.89,7.214,
01/04/2017,DFA Five-Year Global Fixed Income,DFGBX,Exchange Purchase,118.13,10.87,10.867,
01/04/2017,DFA Five-Year Global Fixed Income,DFGBX,Exchange Purchase,53.03,10.87,4.879,
01/04/2017,DFA Five-Year Global Fixed Income,DFGBX,Exchange Purchase,78.84,10.87,7.253,
01/03/2017,DFA Five-Year Global Fixed Income,DFGBX,Exchange Purchase,187.50,10.87,17.249,
01/03/2017,DFA Five-Year Global Fixed Income,DFGBX,Exchange Purchase,12.50,10.87,1.150,
01/03/2017,DFA Five-Year Global Fixed Income,DFGBX,Exchange Purchase,50.00,10.87,4.600,
01/20/2017,DFA International Core Equity,DFIEX,Exchange Redemption,-542.78,12.03,-45.119,
01/20/2017,DFA International Core Equity,DFIEX,Exchange Redemption,-254.18,12.03,-21.129,
01/20/2017,DFA International Core Equity,DFIEX,Exchange Redemption,-355.43,12.03,-29.545,
01/12/2017,DFA International Core Equity,DFIEX,Exchange Redemption,-471.01,12.01,-39.218,
01/12/2017,DFA International Core Equity,DFIEX,Exchange Redemption,-220.56,12.01,-18.365,
01/12/2017,DFA International Core Equity,DFIEX,Exchange Redemption,-308.43,12.01,-25.681,
01/11/2017,DFA International Core Equity,DFIEX,Exchange Redemption,-471.01,12.02,-39.185,
01/11/2017,DFA International Core Equity,DFIEX,Exchange Redemption,-220.56,12.02,-18.349,
01/11/2017,DFA International Core Equity,DFIEX,Exchange Redemption,-308.43,12.02,-25.660,
01/10/2017,DFA International Core Equity,DFIEX,Exchange Redemption,-235.50,11.92,-19.757,
01/10/2017,DFA International Core Equity,DFIEX,Exchange Redemption,-110.28,11.92,-9.252,
01/10/2017,DFA International Core Equity,DFIEX,Exchange Redemption,-154.22,11.92,-12.938,
01/05/2017,DFA International Core Equity,DFIEX,Exchange Redemption,-235.50,12.00,-19.625,
01/05/2017,DFA International Core Equity,DFIEX,Exchange Redemption,-110.28,12.00,-9.190,
01/05/2017,DFA International Core Equity,DFIEX,Exchange Redemption,-154.22,12.00,-12.852,
03/30/2017,DFA Intermediate Government Fixed Income,DFIGX,Ordinary Dividend Reinvestment Increase,35.60,12.37,2.878,
03/30/2017,DFA Intermediate Government Fixed Income,DFIGX,Ordinary Dividend Reinvestment Increase,14.98,12.37,1.211,
03/30/2017,DFA Intermediate Government Fixed Income,DFIGX,Ordinary Dividend Reinvestment Increase,22.81,12.37,1.844,
03/29/2017,DFA Intermediate Government Fixed Income,DFIGX,Exchange Purchase,236.37,12.45,18.985,
03/29/2017,DFA Intermediate Government Fixed Income,DFIGX,Exchange Purchase,107.42,12.45,8.628,
03/29/2017,DFA Intermediate Government Fixed Income,DFIGX,Exchange Purchase,156.21,12.45,12.547,
03/28/2017,DFA Intermediate Government Fixed Income,DFIGX,Exchange Purchase,472.75,12.43,38.033,
03/28/2017,DFA Intermediate Government Fixed Income,DFIGX,Exchange Purchase,214.84,12.43,17.284,
03/28/2017,DFA Intermediate Government Fixed Income,DFIGX,Exchange Purchase,312.41,12.43,25.134,
03/27/2017,DFA Intermediate Government Fixed Income,DFIGX,Exchange Purchase,236.37,12.46,18.970,
03/27/2017,DFA Intermediate Government Fixed Income,DFIGX,Exchange Purchase,107.42,12.46,8.621,
03/27/2017,DFA Intermediate Government Fixed Income,DFIGX,Exchange Purchase,156.21,12.46,12.537,
03/24/2017,DFA Intermediate Government Fixed Income,DFIGX,Exchange Purchase,236.37,12.43,19.016,
03/24/2017,DFA Intermediate Government Fixed Income,DFIGX,Exchange Purchase,107.42,12.43,8.642,
03/24/2017,DFA Intermediate Government Fixed Income,DFIGX,Exchange Purchase,156.21,12.43,12.567,
03/22/2017,DFA Intermediate Government Fixed Income,DFIGX,Exchange Purchase,236.37,12.43,19.016,
03/22/2017,DFA Intermediate Government Fixed Income,DFIGX,Exchange Purchase,107.42,12.43,8.642,
03/22/2017,DFA Intermediate Government Fixed Income,DFIGX,Exchange Purchase,156.21,12.43,12.567,
03/21/2017,DFA Intermediate Government Fixed Income,DFIGX,Exchange Purchase,236.37,12.42,19.031,
03/21/2017,DFA Intermediate Government Fixed Income,DFIGX,Exchange Purchase,107.42,12.42,8.649,
03/21/2017,DFA Intermediate Government Fixed Income,DFIGX,Exchange Purchase,156.21,12.42,12.577,
03/20/2017,DFA Intermediate Government Fixed Income,DFIGX,Exchange Purchase,236.37,12.39,19.078,
03/20/2017,DFA Intermediate Government Fixed Income,DFIGX,Exchange Purchase,107.42,12.39,8.670,
03/20/2017,DFA Intermediate Government Fixed Income,DFIGX,Exchange Purchase,156.21,12.39,12.608,
03/17/2017,DFA Intermediate Government Fixed Income,DFIGX,Exchange Purchase,236.37,12.36,19.124,
03/17/2017,DFA Intermediate Government Fixed Income,DFIGX,Exchange Purchase,107.42,12.36,8.691,
03/17/2017,DFA Intermediate Government Fixed Income,DFIGX,Exchange Purchase,156.21,12.36,12.638,
03/16/2017,DFA Intermediate Government Fixed Income,DFIGX,Exchange Purchase,354.56,12.34,28.733,
03/16/2017,DFA Intermediate Government Fixed Income,DFIGX,Exchange Purchase,161.13,12.34,13.057,
03/16/2017,DFA Intermediate Government Fixed Income,DFIGX,Exchange Purchase,234.31,12.34,18.988,
03/15/2017,DFA Intermediate Government Fixed Income,DFIGX,Exchange Purchase,472.75,12.36,38.248,
03/15/2017,DFA Intermediate Government Fixed Income,DFIGX,Exchange Purchase,214.84,12.36,17.382,
03/15/2017,DFA Intermediate Government Fixed Income,DFIGX,Exchange Purchase,312.41,12.36,25.276,
03/02/2017,DFA Intermediate Government Fixed Income,DFIGX,Exchange Purchase,118.19,12.35,9.570,
03/02/2017,DFA Intermediate Government Fixed Income,DFIGX,Exchange Purchase,53.71,12.35,4.349,
03/02/2017,DFA Intermediate Government Fixed Income,DFIGX,Exchange Purchase,78.10,12.35,6.324,
02/15/2017,DFA Intermediate Government Fixed Income,DFIGX,Exchange Purchase,470.67,12.33,38.173,
02/15/2017,DFA Intermediate Government Fixed Income,DFIGX,Exchange Purchase,216.86,12.33,17.588,
02/15/2017,DFA Intermediate Government Fixed Income,DFIGX,Exchange Purchase,312.47,12.33,25.342,
02/14/2017,DFA Intermediate Government Fixed Income,DFIGX,Exchange Purchase,352.71,12.35,28.559,
02/14/2017,DFA Intermediate Government Fixed Income,DFIGX,Exchange Purchase,162.93,12.35,13.193,
02/14/2017,DFA Intermediate Government Fixed Income,DFIGX,Exchange Purchase,234.36,12.35,18.977,
02/13/2017,DFA Intermediate Government Fixed Income,DFIGX,Exchange Purchase,235.14,12.39,18.978,
02/13/2017,DFA Intermediate Government Fixed Income,DFIGX,Exchange Purchase,108.62,12.39,8.767,
02/13/2017,DFA Intermediate Government Fixed Income,DFIGX,Exchange Purchase,156.24,12.39,12.610,
02/10/2017,DFA Intermediate Government Fixed Income,DFIGX,Exchange Purchase,163.45,12.41,13.171,
02/10/2017,DFA Intermediate Government Fixed Income,DFIGX,Exchange Purchase,9.62,12.41,0.775,
02/10/2017,DFA Intermediate Government Fixed Income,DFIGX,Exchange Purchase,76.93,12.41,6.199,
02/09/2017,DFA Intermediate Government Fixed Income,DFIGX,Exchange Purchase,163.47,12.41,13.172,
02/09/2017,DFA Intermediate Government Fixed Income,DFIGX,Exchange Purchase,9.61,12.41,0.774,
02/09/2017,DFA Intermediate Government Fixed Income,DFIGX,Exchange Purchase,76.92,12.41,6.198,
02/01/2017,DFA Intermediate Government Fixed Income,DFIGX,Exchange Purchase,163.46,12.36,13.225,
02/01/2017,DFA Intermediate Government Fixed Income,DFIGX,Exchange Purchase,9.62,12.36,0.778,
02/01/2017,DFA Intermediate Government Fixed Income,DFIGX,Exchange Purchase,76.92,12.36,6.223,
01/25/2017,DFA Intermediate Government Fixed Income,DFIGX,Exchange Purchase,472.65,12.31,38.396,
01/25/2017,DFA Intermediate Government Fixed Income,DFIGX,Exchange Purchase,214.31,12.31,17.409,
01/25/2017,DFA Intermediate Government Fixed Income,DFIGX,Exchange Purchase,313.04,12.31,25.430,
01/24/2017,DFA Intermediate Government Fixed Income,DFIGX,Exchange Purchase,113.03,12.36,9.145,
01/24/2017,DFA Intermediate Government Fixed Income,DFIGX,Exchange Purchase,60.00,12.36,4.854,
01/24/2017,DFA Intermediate Government Fixed Income,DFIGX,Exchange Purchase,76.97,12.36,6.227,
01/20/2017,DFA Intermediate Government Fixed Income,DFIGX,Exchange Purchase,118.47,12.35,9.593,
01/20/2017,DFA Intermediate Government Fixed Income,DFIGX,Exchange Purchase,53.17,12.35,4.305,
01/20/2017,DFA Intermediate Government Fixed Income,DFIGX,Exchange Purchase,78.36,12.35,6.345,
01/19/2017,DFA Intermediate Government Fixed Income,DFIGX,Exchange Purchase,355.40,12.34,28.801,
01/19/2017,DFA Intermediate Government Fixed Income,DFIGX,Exchange Purchase,159.50,12.34,12.925,
01/19/2017,DFA Intermediate Government Fixed Income,DFIGX,Exchange Purchase,235.10,12.34,19.052,
01/18/2017,DFA Intermediate Government Fixed Income,DFIGX,Exchange Purchase,118.47,12.37,9.577,
01/18/2017,DFA Intermediate Government Fixed Income,DFIGX,Exchange Purchase,53.17,12.37,4.298,
01/18/2017,DFA Intermediate Government Fixed Income,DFIGX,Exchange Purchase,78.36,12.37,6.335,
01/17/2017,DFA Intermediate Government Fixed Income,DFIGX,Exchange Purchase,118.47,12.44,9.523,
01/17/2017,DFA Intermediate Government Fixed Income,DFIGX,Exchange Purchase,53.17,12.44,4.274,
01/17/2017,DFA Intermediate Government Fixed Income,DFIGX,Exchange Purchase,78.36,12.44,6.299,
01/13/2017,DFA Intermediate Government Fixed Income,DFIGX,Exchange Purchase,118.09,12.39,9.531,
01/13/2017,DFA Intermediate Government Fixed Income,DFIGX,Exchange Purchase,53.53,12.39,4.320,
01/13/2017,DFA Intermediate Government Fixed Income,DFIGX,Exchange Purchase,78.38,12.39,6.326,
01/12/2017,DFA Intermediate Government Fixed Income,DFIGX,Exchange Purchase,113.03,12.41,9.108,
01/12/2017,DFA Intermediate Government Fixed Income,DFIGX,Exchange Purchase,60.00,12.41,4.835,
01/12/2017,DFA Intermediate Government Fixed Income,DFIGX,Exchange Purchase,76.97,12.41,6.202,
01/11/2017,DFA Intermediate Government Fixed Income,DFIGX,Exchange Purchase,118.32,12.40,9.542,
01/11/2017,DFA Intermediate Government Fixed Income,DFIGX,Exchange Purchase,53.17,12.40,4.288,
01/11/2017,DFA Intermediate Government Fixed Income,DFIGX,Exchange Purchase,78.51,12.40,6.332,
01/10/2017,DFA Intermediate Government Fixed Income,DFIGX,Exchange Purchase,118.48,12.39,9.563,
01/10/2017,DFA Intermediate Government Fixed Income,DFIGX,Exchange Purchase,52.96,12.39,4.274,
01/10/2017,DFA Intermediate Government Fixed Income,DFIGX,Exchange Purchase,78.56,12.39,6.341,
01/09/2017,DFA Intermediate Government Fixed Income,DFIGX,Exchange Purchase,118.48,12.39,9.563,
01/09/2017,DFA Intermediate Government Fixed Income,DFIGX,Exchange Purchase,52.96,12.39,4.274,
01/09/2017,DFA Intermediate Government Fixed Income,DFIGX,Exchange Purchase,78.56,12.39,6.341,
01/04/2017,DFA Intermediate Government Fixed Income,DFIGX,Exchange Purchase,118.13,12.34,9.573,
01/04/2017,DFA Intermediate Government Fixed Income,DFIGX,Exchange Purchase,53.03,12.34,4.297,
01/04/2017,DFA Intermediate Government Fixed Income,DFIGX,Exchange Purchase,78.84,12.34,6.389,
01/03/2017,DFA Intermediate Government Fixed Income,DFIGX,Exchange Purchase,187.50,12.33,15.207,
01/03/2017,DFA Intermediate Government Fixed Income,DFIGX,Exchange Purchase,12.50,12.33,1.014,
01/03/2017,DFA Intermediate Government Fixed Income,DFIGX,Exchange Purchase,50.00,12.33,4.055,
03/30/2017,DFA One-Year Fixed Income,DFIHX,Ordinary Dividend Reinvestment Increase,16.61,10.30,1.613,
03/30/2017,DFA One-Year Fixed Income,DFIHX,Ordinary Dividend Reinvestment Increase,7.55,10.30,0.733,
03/30/2017,DFA One-Year Fixed Income,DFIHX,Ordinary Dividend Reinvestment Increase,10.98,10.30,1.066,
03/29/2017,DFA One-Year Fixed Income,DFIHX,Exchange Redemption,-1654.61,10.31,-160.486,
03/29/2017,DFA One-Year Fixed Income,DFIHX,Exchange Redemption,-751.94,10.31,-72.933,
03/29/2017,DFA One-Year Fixed Income,DFIHX,Exchange Redemption,-1093.45,10.31,-106.057,
03/28/2017,DFA One-Year Fixed Income,DFIHX,Exchange Redemption,-3309.22,10.30,-321.284,
03/28/2017,DFA One-Year Fixed Income,DFIHX,Exchange Redemption,-1503.89,10.30,-146.009,
03/28/2017,DFA One-Year Fixed Income,DFIHX,Exchange Redemption,-2186.89,10.30,-212.320,
03/27/2017,DFA One-Year Fixed Income,DFIHX,Exchange Redemption,-1890.98,10.30,-183.590,
03/27/2017,DFA One-Year Fixed Income,DFIHX,Exchange Redemption,-859.36,10.30,-83.433,
03/27/2017,DFA One-Year Fixed Income,DFIHX,Exchange Redemption,-1249.66,10.30,-121.326,
03/24/2017,DFA One-Year Fixed Income,DFIHX,Exchange Redemption,-1093.45,10.30,-106.160,
03/24/2017,DFA One-Year Fixed Income,DFIHX,Exchange Redemption,-1654.61,10.30,-160.642,
03/24/2017,DFA One-Year Fixed Income,DFIHX,Exchange Redemption,-751.94,10.30,-73.004,
03/22/2017,DFA One-Year Fixed Income,DFIHX,Exchange Redemption,-1890.99,10.30,-183.591,
03/22/2017,DFA One-Year Fixed Income,DFIHX,Exchange Redemption,-859.36,10.30,-83.433,
03/22/2017,DFA One-Year Fixed Income,DFIHX,Exchange Redemption,-1249.65,10.30,-121.325,
03/21/2017,DFA One-Year Fixed Income,DFIHX,Exchange Redemption,-1890.98,10.30,-183.590,
03/21/2017,DFA One-Year Fixed Income,DFIHX,Exchange Redemption,-859.36,10.30,-83.433,
03/21/2017,DFA One-Year Fixed Income,DFIHX,Exchange Redemption,-1249.66,10.30,-121.326,
03/20/2017,DFA One-Year Fixed Income,DFIHX,Exchange Redemption,-1418.23,10.30,-137.692,
03/20/2017,DFA One-Year Fixed Income,DFIHX,Exchange Redemption,-644.52,10.30,-62.575,
03/20/2017,DFA One-Year Fixed Income,DFIHX,Exchange Redemption,-937.25,10.30,-90.995,
03/17/2017,DFA One-Year Fixed Income,DFIHX,Exchange Redemption,-1890.97,10.30,-183.589,
03/17/2017,DFA One-Year Fixed Income,DFIHX,Exchange Redemption,-859.36,10.30,-83.433,
03/17/2017,DFA One-Year Fixed Income,DFIHX,Exchange Redemption,-1249.67,10.30,-121.327,
03/16/2017,DFA One-Year Fixed Income,DFIHX,Exchange Redemption,-1654.61,10.29,-160.798,
03/16/2017,DFA One-Year Fixed Income,DFIHX,Exchange Redemption,-751.94,10.29,-73.075,
03/16/2017,DFA One-Year Fixed Income,DFIHX,Exchange Redemption,-1093.45,10.29,-106.264,
03/15/2017,DFA One-Year Fixed Income,DFIHX,Exchange Redemption,-3309.23,10.30,-321.284,
03/15/2017,DFA One-Year Fixed Income,DFIHX,Exchange Redemption,-1503.88,10.30,-146.008,
03/15/2017,DFA One-Year Fixed Income,DFIHX,Exchange Redemption,-2186.89,10.30,-212.320,
03/02/2017,DFA One-Year Fixed Income,DFIHX,Exchange Redemption,-1181.88,10.29,-114.857,
03/02/2017,DFA One-Year Fixed Income,DFIHX,Exchange Redemption,-537.10,10.29,-52.196,
03/02/2017,DFA One-Year Fixed Income,DFIHX,Exchange Redemption,-781.02,10.29,-75.901,
02/27/2017,DFA One-Year Fixed Income,DFIHX,Ordinary Dividend Reinvestment Increase,27.38,10.30,2.658,
02/27/2017,DFA One-Year Fixed Income,DFIHX,Ordinary Dividend Reinvestment Increase,12.62,10.30,1.225,
02/27/2017,DFA One-Year Fixed Income,DFIHX,Ordinary Dividend Reinvestment Increase,18.18,10.30,1.765,
02/27/2017,DFA One-Year Fixed Income,DFIHX,Exchange Purchase,616.21,10.30,59.826,
02/27/2017,DFA One-Year Fixed Income,DFIHX,Exchange Purchase,36.25,10.30,3.519,
02/27/2017,DFA One-Year Fixed Income,DFIHX,Exchange Purchase,289.98,10.30,28.153,
02/15/2017,DFA One-Year Fixed Income,DFIHX,Exchange Redemption,-3059.36,10.30,-297.025,
02/15/2017,DFA One-Year Fixed Income,DFIHX,Exchange Redemption,-1409.60,10.30,-136.855,
02/15/2017,DFA One-Year Fixed Income,DFIHX,Exchange Redemption,-2031.04,10.30,-197.188,
02/14/2017,DFA One-Year Fixed Income,DFIHX,Exchange Purchase,122.58,10.30,11.901,
02/14/2017,DFA One-Year Fixed Income,DFIHX,Exchange Purchase,7.21,10.30,0.700,
02/14/2017,DFA One-Year Fixed Income,DFIHX,Exchange Purchase,57.68,10.30,5.600,
02/14/2017,DFA One-Year Fixed Income,DFIHX,Exchange Redemption,-1998.69,10.30,-194.048,
02/14/2017,DFA One-Year Fixed Income,DFIHX,Exchange Redemption,-923.27,10.30,-89.638,
02/14/2017,DFA One-Year Fixed Income,DFIHX,Exchange Redemption,-1328.04,10.30,-128.936,
02/13/2017,DFA One-Year Fixed Income,DFIHX,Exchange Redemption,-1410.84,10.30,-136.975,
02/13/2017,DFA One-Year Fixed Income,DFIHX,Exchange Redemption,-651.72,10.30,-63.274,
02/13/2017,DFA One-Year Fixed Income,DFIHX,Exchange Redemption,-937.44,10.30,-91.013,
02/10/2017,DFA One-Year Fixed Income,DFIHX,Exchange Redemption,-117.57,10.30,-11.415,
02/10/2017,DFA One-Year Fixed Income,DFIHX,Exchange Redemption,-54.31,10.30,-5.273,
02/10/2017,DFA One-Year Fixed Income,DFIHX,Exchange Redemption,-78.12,10.30,-7.585,
02/09/2017,DFA One-Year Fixed Income,DFIHX,Exchange Purchase,793.22,10.30,77.012,
02/09/2017,DFA One-Year Fixed Income,DFIHX,Exchange Purchase,421.01,10.30,40.875,
02/09/2017,DFA One-Year Fixed Income,DFIHX,Exchange Purchase,540.72,10.30,52.497,
02/06/2017,DFA One-Year Fixed Income,DFIHX,Exchange Purchase,903.90,10.30,87.757,
02/06/2017,DFA One-Year Fixed Income,DFIHX,Exchange Purchase,479.95,10.30,46.597,
02/06/2017,DFA One-Year Fixed Income,DFIHX,Exchange Purchase,616.15,10.30,59.820,
02/02/2017,DFA One-Year Fixed Income,DFIHX,Exchange Purchase,903.91,10.30,87.758,
02/02/2017,DFA One-Year Fixed Income,DFIHX,Exchange Purchase,479.94,10.30,46.596,
02/02/2017,DFA One-Year Fixed Income,DFIHX,Exchange Purchase,616.15,10.30,59.820,
02/01/2017,DFA One-Year Fixed Income,DFIHX,Exchange Purchase,791.05,10.30,76.801,
02/01/2017,DFA One-Year Fixed Income,DFIHX,Exchange Purchase,419.88,10.30,40.765,
02/01/2017,DFA One-Year Fixed Income,DFIHX,Exchange Purchase,539.07,10.30,52.337,
01/30/2017,DFA One-Year Fixed Income,DFIHX,Ordinary Dividend Reinvestment Increase,25.52,10.30,2.478,
01/30/2017,DFA One-Year Fixed Income,DFIHX,Ordinary Dividend Reinvestment Increase,11.64,10.30,1.130,
01/30/2017,DFA One-Year Fixed Income,DFIHX,Ordinary Dividend Reinvestment Increase,16.92,10.30,1.643,
01/30/2017,DFA One-Year Fixed Income,DFIHX,Exchange Redemption,-117.96,10.30,-11.452,
01/30/2017,DFA One-Year Fixed Income,DFIHX,Exchange Redemption,-53.83,10.30,-5.226,
01/30/2017,DFA One-Year Fixed Income,DFIHX,Exchange Redemption,-78.21,10.30,-7.593,
01/27/2017,DFA One-Year Fixed Income,DFIHX,Exchange Redemption,-235.92,10.30,-22.905,
01/27/2017,DFA One-Year Fixed Income,DFIHX,Exchange Redemption,-107.66,10.30,-10.452,
01/27/2017,DFA One-Year Fixed Income,DFIHX,Exchange Redemption,-156.42,10.30,-15.186,
01/25/2017,DFA One-Year Fixed Income,DFIHX,Exchange Purchase,1581.73,10.30,153.566,
01/25/2017,DFA One-Year Fixed Income,DFIHX,Exchange Purchase,840.07,10.30,81.560,
01/25/2017,DFA One-Year Fixed Income,DFIHX,Exchange Purchase,1078.20,10.30,104.680,
01/25/2017,DFA One-Year Fixed Income,DFIHX,Exchange Redemption,-2363.25,10.30,-229.441,
01/25/2017,DFA One-Year Fixed Income,DFIHX,Exchange Redemption,-1071.55,10.30,-104.034,
01/25/2017,DFA One-Year Fixed Income,DFIHX,Exchange Redemption,-1565.20,10.30,-151.961,
01/24/2017,DFA One-Year Fixed Income,DFIHX,Exchange Purchase,338.94,10.30,32.907,
01/24/2017,DFA One-Year Fixed Income,DFIHX,Exchange Purchase,179.89,10.30,17.465,
01/24/2017,DFA One-Year Fixed Income,DFIHX,Exchange Purchase,231.17,10.30,22.444,
01/23/2017,DFA One-Year Fixed Income,DFIHX,Exchange Purchase,791.04,10.30,76.800,
01/23/2017,DFA One-Year Fixed Income,DFIHX,Exchange Purchase,419.89,10.30,40.766,
01/23/2017,DFA One-Year Fixed Income,DFIHX,Exchange Purchase,539.07,10.30,52.337,
01/20/2017,DFA One-Year Fixed Income,DFIHX,Exchange Purchase,2475.99,10.30,240.387,
01/20/2017,DFA One-Year Fixed Income,DFIHX,Exchange Purchase,1217.45,10.30,118.199,
01/20/2017,DFA One-Year Fixed Income,DFIHX,Exchange Purchase,1650.99,10.30,160.290,
01/20/2017,DFA One-Year Fixed Income,DFIHX,Exchange Redemption,-592.35,10.30,-57.510,
01/20/2017,DFA One-Year Fixed Income,DFIHX,Exchange Redemption,-265.85,10.30,-25.811,
01/20/2017,DFA One-Year Fixed Income,DFIHX,Exchange Redemption,-391.80,10.30,-38.039,
01/19/2017,DFA One-Year Fixed Income,DFIHX,Exchange Redemption,-1658.54,10.29,-161.180,
01/19/2017,DFA One-Year Fixed Income,DFIHX,Exchange Redemption,-744.33,10.29,-72.335,
01/19/2017,DFA One-Year Fixed Income,DFIHX,Exchange Redemption,-1097.13,10.29,-106.621,
01/18/2017,DFA One-Year Fixed Income,DFIHX,Exchange Redemption,-473.88,10.30,-46.008,
01/18/2017,DFA One-Year Fixed Income,DFIHX,Exchange Redemption,-212.68,10.30,-20.648,
01/18/2017,DFA One-Year Fixed Income,DFIHX,Exchange Redemption,-313.44,10.30,-30.431,
01/17/2017,DFA One-Year Fixed Income,DFIHX,Exchange Redemption,-592.35,10.30,-57.510,
01/17/2017,DFA One-Year Fixed Income,DFIHX,Exchange Redemption,-265.85,10.30,-25.811,
01/17/2017,DFA One-Year Fixed Income,DFIHX,Exchange Redemption,-391.80,10.30,-38.039,
01/13/2017,DFA One-Year Fixed Income,DFIHX,Exchange Purchase,579.96,10.30,56.307,
01/13/2017,DFA One-Year Fixed Income,DFIHX,Exchange Purchase,72.50,10.30,7.039,
01/13/2017,DFA One-Year Fixed Income,DFIHX,Exchange Purchase,289.98,10.30,28.153,
01/13/2017,DFA One-Year Fixed Income,DFIHX,Exchange Redemption,-590.45,10.30,-57.325,
01/13/2017,DFA One-Year Fixed Income,DFIHX,Exchange Redemption,-267.65,10.30,-25.985,
01/13/2017,DFA One-Year Fixed Income,DFIHX,Exchange Redemption,-391.90,10.30,-38.048,
01/12/2017,DFA One-Year Fixed Income,DFIHX,Exchange Purchase,1862.19,10.30,180.795,
01/12/2017,DFA One-Year Fixed Income,DFIHX,Exchange Purchase,901.12,10.30,87.487,
01/12/2017,DFA One-Year Fixed Income,DFIHX,Exchange Purchase,1236.69,10.30,120.067,
01/11/2017,DFA One-Year Fixed Income,DFIHX,Exchange Purchase,2314.29,10.29,224.907,
01/11/2017,DFA One-Year Fixed Income,DFIHX,Exchange Purchase,1141.11,10.29,110.895,
01/11/2017,DFA One-Year Fixed Income,DFIHX,Exchange Purchase,1544.60,10.29,150.107,
01/11/2017,DFA One-Year Fixed Income,DFIHX,Exchange Redemption,-591.60,10.29,-57.492,
01/11/2017,DFA One-Year Fixed Income,DFIHX,Exchange Redemption,-265.85,10.29,-25.836,
01/11/2017,DFA One-Year Fixed Income,DFIHX,Exchange Redemption,-392.55,10.29,-38.148,
01/10/2017,DFA One-Year Fixed Income,DFIHX,Exchange Purchase,1609.09,10.29,156.374,
01/10/2017,DFA One-Year Fixed Income,DFIHX,Exchange Purchase,810.55,10.29,78.771,
01/10/2017,DFA One-Year Fixed Income,DFIHX,Exchange Purchase,1080.36,10.29,104.991,
01/10/2017,DFA One-Year Fixed Income,DFIHX,Exchange Redemption,-592.40,10.29,-57.571,
01/10/2017,DFA One-Year Fixed Income,DFIHX,Exchange Redemption,-264.80,10.29,-25.733,
01/10/2017,DFA One-Year Fixed Income,DFIHX,Exchange Redemption,-392.80,10.29,-38.173,
01/09/2017,DFA One-Year Fixed Income,DFIHX,Exchange Redemption,-592.40,10.29,-57.571,
01/09/2017,DFA One-Year Fixed Income,DFIHX,Exchange Redemption,-264.80,10.29,-25.733,
01/09/2017,DFA One-Year Fixed Income,DFIHX,Exchange Redemption,-392.80,10.29,-38.173,
01/05/2017,DFA One-Year Fixed Income,DFIHX,Exchange Purchase,1609.10,10.29,156.375,
01/05/2017,DFA One-Year Fixed Income,DFIHX,Exchange Purchase,810.54,10.29,78.770,
01/05/2017,DFA One-Year Fixed Income,DFIHX,Exchange Purchase,1080.36,10.29,104.991,
01/04/2017,DFA One-Year Fixed Income,DFIHX,Exchange Purchase,424.13,10.29,41.218,
01/04/2017,DFA One-Year Fixed Income,DFIHX,Exchange Purchase,28.29,10.29,2.749,
01/04/2017,DFA One-Year Fixed Income,DFIHX,Exchange Purchase,113.11,10.29,10.992,
01/04/2017,DFA One-Year Fixed Income,DFIHX,Exchange Redemption,-472.52,10.29,-45.920,
01/04/2017,DFA One-Year Fixed Income,DFIHX,Exchange Redemption,-212.12,10.29,-20.614,
01/04/2017,DFA One-Year Fixed Income,DFIHX,Exchange Redemption,-315.36,10.29,-30.647,
01/20/2017,DFA International Small Company,DFISX,Exchange Redemption,-261.66,17.79,-14.708,
01/20/2017,DFA International Small Company,DFISX,Exchange Redemption,-123.52,17.79,-6.943,
01/20/2017,DFA International Small Company,DFISX,Exchange Redemption,-172.83,17.79,-9.715,
01/12/2017,DFA International Small Company,DFISX,Exchange Redemption,-234.45,17.74,-13.216,
01/12/2017,DFA International Small Company,DFISX,Exchange Redemption,-110.68,17.74,-6.239,
01/12/2017,DFA International Small Company,DFISX,Exchange Redemption,-154.87,17.74,-8.730,
01/11/2017,DFA International Small Company,DFISX,Exchange Redemption,-234.45,17.76,-13.201,
01/11/2017,DFA International Small Company,DFISX,Exchange Redemption,-110.68,17.76,-6.232,
01/11/2017,DFA International Small Company,DFISX,Exchange Redemption,-154.87,17.76,-8.720,
01/10/2017,DFA International Small Company,DFISX,Exchange Redemption,-117.23,17.65,-6.642,
01/10/2017,DFA International Small Company,DFISX,Exchange Redemption,-55.34,17.65,-3.135,
01/10/2017,DFA International Small Company,DFISX,Exchange Redemption,-77.43,17.65,-4.387,
01/05/2017,DFA International Small Company,DFISX,Exchange Redemption,-117.23,17.76,-6.601,
01/05/2017,DFA International Small Company,DFISX,Exchange Redemption,-55.34,17.76,-3.116,
01/05/2017,DFA International Small Company,DFISX,Exchange Redemption,-77.43,17.76,-4.360,
03/22/2017,DFA International Real Estate Securities,DFITX,Exchange Purchase,118.19,4.87,24.269,
03/22/2017,DFA International Real Estate Securities,DFITX,Exchange Purchase,53.71,4.87,11.029,
03/22/2017,DFA International Real Estate Securities,DFITX,Exchange Purchase,78.10,4.87,16.037,
03/15/2017,DFA International Real Estate Securities,DFITX,Exchange Purchase,236.37,4.79,49.347,
03/15/2017,DFA International Real Estate Securities,DFITX,Exchange Purchase,107.42,4.79,22.426,
03/15/2017,DFA International Real Estate Securities,DFITX,Exchange Purchase,156.21,4.79,32.612,
02/01/2017,DFA International Real Estate Securities,DFITX,Exchange Purchase,112.86,4.76,23.710,
02/01/2017,DFA International Real Estate Securities,DFITX,Exchange Purchase,60.07,4.76,12.620,
02/01/2017,DFA International Real Estate Securities,DFITX,Exchange Purchase,77.07,4.76,16.191,
01/30/2017,DFA International Real Estate Securities,DFITX,Exchange Purchase,117.96,4.72,24.991,
01/30/2017,DFA International Real Estate Securities,DFITX,Exchange Purchase,53.83,4.72,11.405,
01/30/2017,DFA International Real Estate Securities,DFITX,Exchange Purchase,78.21,4.72,16.570,
01/27/2017,DFA International Real Estate Securities,DFITX,Exchange Purchase,235.92,4.72,49.983,
01/27/2017,DFA International Real Estate Securities,DFITX,Exchange Purchase,107.66,4.72,22.809,
01/27/2017,DFA International Real Estate Securities,DFITX,Exchange Purchase,156.42,4.72,33.140,
01/25/2017,DFA International Real Estate Securities,DFITX,Exchange Purchase,226.07,4.74,47.694,
01/25/2017,DFA International Real Estate Securities,DFITX,Exchange Purchase,119.83,4.74,25.281,
01/25/2017,DFA International Real Estate Securities,DFITX,Exchange Purchase,154.10,4.74,32.511,
01/24/2017,DFA International Real Estate Securities,DFITX,Exchange Purchase,112.86,4.74,23.810,
01/24/2017,DFA International Real Estate Securities,DFITX,Exchange Purchase,60.07,4.74,12.673,
01/24/2017,DFA International Real Estate Securities,DFITX,Exchange Purchase,77.07,4.74,16.259,
01/23/2017,DFA International Real Estate Securities,DFITX,Exchange Purchase,112.86,4.74,23.810,
01/23/2017,DFA International Real Estate Securities,DFITX,Exchange Purchase,60.07,4.74,12.673,
01/23/2017,DFA International Real Estate Securities,DFITX,Exchange Purchase,77.07,4.74,16.259,
01/20/2017,DFA International Real Estate Securities,DFITX,Exchange Purchase,118.47,4.69,25.260,
01/20/2017,DFA International Real Estate Securities,DFITX,Exchange Purchase,53.17,4.69,11.337,
01/20/2017,DFA International Real Estate Securities,DFITX,Exchange Purchase,78.36,4.69,16.708,
01/19/2017,DFA International Real Estate Securities,DFITX,Exchange Purchase,236.94,4.68,50.628,
01/19/2017,DFA International Real Estate Securities,DFITX,Exchange Purchase,106.33,4.68,22.720,
01/19/2017,DFA International Real Estate Securities,DFITX,Exchange Purchase,156.73,4.68,33.489,
01/17/2017,DFA International Real Estate Securities,DFITX,Exchange Purchase,118.47,4.75,24.941,
01/17/2017,DFA International Real Estate Securities,DFITX,Exchange Purchase,53.17,4.75,11.194,
01/17/2017,DFA International Real Estate Securities,DFITX,Exchange Purchase,78.36,4.75,16.497,
01/13/2017,DFA International Real Estate Securities,DFITX,Exchange Purchase,118.09,4.73,24.966,
01/13/2017,DFA International Real Estate Securities,DFITX,Exchange Purchase,53.53,4.73,11.317,
01/13/2017,DFA International Real Estate Securities,DFITX,Exchange Purchase,78.38,4.73,16.571,
01/11/2017,DFA International Real Estate Securities,DFITX,Exchange Purchase,118.32,4.76,24.857,
01/11/2017,DFA International Real Estate Securities,DFITX,Exchange Purchase,53.17,4.76,11.170,
01/11/2017,DFA International Real Estate Securities,DFITX,Exchange Purchase,78.51,4.76,16.494,
01/10/2017,DFA International Real Estate Securities,DFITX,Exchange Purchase,118.48,4.74,24.996,
01/10/2017,DFA International Real Estate Securities,DFITX,Exchange Purchase,52.96,4.74,11.173,
01/10/2017,DFA International Real Estate Securities,DFITX,Exchange Purchase,78.56,4.74,16.574,
01/09/2017,DFA International Real Estate Securities,DFITX,Exchange Purchase,118.48,4.75,24.943,
01/09/2017,DFA International Real Estate Securities,DFITX,Exchange Purchase,52.96,4.75,11.149,
01/09/2017,DFA International Real Estate Securities,DFITX,Exchange Purchase,78.56,4.75,16.539,
01/03/2017,DFA International Real Estate Securities,DFITX,Exchange Purchase,187.50,4.68,40.064,
01/03/2017,DFA International Real Estate Securities,DFITX,Exchange Purchase,12.50,4.68,2.671,
01/03/2017,DFA International Real Estate Securities,DFITX,Exchange Purchase,50.00,4.68,10.684,
03/30/2017,DFA Real Estate Securities,DFREX,Ordinary Dividend Reinvestment Increase,3.15,34.40,0.092,
03/30/2017,DFA Real Estate Securities,DFREX,Ordinary Dividend Reinvestment Increase,1.43,34.40,0.042,
03/30/2017,DFA Real Estate Securities,DFREX,Ordinary Dividend Reinvestment Increase,2.08,34.40,0.061,
03/27/2017,DFA Real Estate Securities,DFREX,Exchange Purchase,236.37,34.17,6.918,
03/27/2017,DFA Real Estate Securities,DFREX,Exchange Purchase,107.42,34.17,3.144,
03/27/2017,DFA Real Estate Securities,DFREX,Exchange Purchase,156.21,34.17,4.572,
03/22/2017,DFA Real Estate Securities,DFREX,Exchange Purchase,118.19,34.26,3.450,
03/22/2017,DFA Real Estate Securities,DFREX,Exchange Purchase,53.71,34.26,1.568,
03/22/2017,DFA Real Estate Securities,DFREX,Exchange Purchase,78.10,34.26,2.280,
03/21/2017,DFA Real Estate Securities,DFREX,Exchange Purchase,236.37,34.28,6.895,
03/21/2017,DFA Real Estate Securities,DFREX,Exchange Purchase,107.42,34.28,3.134,
03/21/2017,DFA Real Estate Securities,DFREX,Exchange Purchase,156.21,34.28,4.557,
03/29/2017,DFA Selectively Hedged Global Fixed,DFSHX,Exchange Purchase,118.19,9.56,12.363,
03/29/2017,DFA Selectively Hedged Global Fixed,DFSHX,Exchange Purchase,53.71,9.56,5.618,
03/29/2017,DFA Selectively Hedged Global Fixed,DFSHX,Exchange Purchase,78.10,9.56,8.169,
03/28/2017,DFA Selectively Hedged Global Fixed,DFSHX,Exchange Purchase,236.37,9.54,24.777,
03/28/2017,DFA Selectively Hedged Global Fixed,DFSHX,Exchange Purchase,107.42,9.54,11.260,
03/28/2017,DFA Selectively Hedged Global Fixed,DFSHX,Exchange Purchase,156.21,9.54,16.374,
03/27/2017,DFA Selectively Hedged Global Fixed,DFSHX,Exchange Purchase,118.19,9.56,12.363,
03/27/2017,DFA Selectively Hedged Global Fixed,DFSHX,Exchange Purchase,53.71,9.56,5.618,
03/27/2017,DFA Selectively Hedged Global Fixed,DFSHX,Exchange Purchase,78.10,9.56,8.169,
03/24/2017,DFA Selectively Hedged Global Fixed,DFSHX,Exchange Purchase,118.19,9.55,12.376,
03/24/2017,DFA Selectively Hedged Global Fixed,DFSHX,Exchange Purchase,53.71,9.55,5.624,
03/24/2017,DFA Selectively Hedged Global Fixed,DFSHX,Exchange Purchase,78.10,9.55,8.178,
03/22/2017,DFA Selectively Hedged Global Fixed,DFSHX,Exchange Purchase,118.19,9.56,12.363,
03/22/2017,DFA Selectively Hedged Global Fixed,DFSHX,Exchange Purchase,53.71,9.56,5.618,
03/22/2017,DFA Selectively Hedged Global Fixed,DFSHX,Exchange Purchase,78.10,9.56,8.169,
03/21/2017,DFA Selectively Hedged Global Fixed,DFSHX,Exchange Purchase,118.19,9.55,12.376,
03/21/2017,DFA Selectively Hedged Global Fixed,DFSHX,Exchange Purchase,53.71,9.55,5.624,
03/21/2017,DFA Selectively Hedged Global Fixed,DFSHX,Exchange Purchase,78.10,9.55,8.178,
03/17/2017,DFA Selectively Hedged Global Fixed,DFSHX,Exchange Purchase,236.37,9.53,24.803,
03/17/2017,DFA Selectively Hedged Global Fixed,DFSHX,Exchange Purchase,107.42,9.53,11.272,
03/17/2017,DFA Selectively Hedged Global Fixed,DFSHX,Exchange Purchase,156.21,9.53,16.391,
03/16/2017,DFA Selectively Hedged Global Fixed,DFSHX,Exchange Purchase,236.37,9.52,24.829,
03/16/2017,DFA Selectively Hedged Global Fixed,DFSHX,Exchange Purchase,107.42,9.52,11.284,
03/16/2017,DFA Selectively Hedged Global Fixed,DFSHX,Exchange Purchase,156.21,9.52,16.409,
03/15/2017,DFA Selectively Hedged Global Fixed,DFSHX,Exchange Purchase,236.37,9.54,24.777,
03/15/2017,DFA Selectively Hedged Global Fixed,DFSHX,Exchange Purchase,107.42,9.54,11.260,
03/15/2017,DFA Selectively Hedged Global Fixed,DFSHX,Exchange Purchase,156.21,9.54,16.374,
02/15/2017,DFA Selectively Hedged Global Fixed,DFSHX,Exchange Purchase,235.34,9.54,24.669,
02/15/2017,DFA Selectively Hedged Global Fixed,DFSHX,Exchange Purchase,108.43,9.54,11.366,
02/15/2017,DFA Selectively Hedged Global Fixed,DFSHX,Exchange Purchase,156.23,9.54,16.376,
03/30/2017,DFA Inflation-Protected Securities,DIPSX,Ordinary Dividend Reinvestment Increase,22.47,11.79,1.906,
03/30/2017,DFA Inflation-Protected Securities,DIPSX,Ordinary Dividend Reinvestment Increase,9.45,11.79,0.802,
03/30/2017,DFA Inflation-Protected Securities,DIPSX,Ordinary Dividend Reinvestment Increase,14.39,11.79,1.221,
03/29/2017,DFA Inflation-Protected Securities,DIPSX,Exchange Purchase,236.37,11.86,19.930,
03/29/2017,DFA Inflation-Protected Securities,DIPSX,Exchange Purchase,107.42,11.86,9.057,
03/29/2017,DFA Inflation-Protected Securities,DIPSX,Exchange Purchase,156.21,11.86,13.171,
03/28/2017,DFA Inflation-Protected Securities,DIPSX,Exchange Purchase,472.75,11.82,39.996,
03/28/2017,DFA Inflation-Protected Securities,DIPSX,Exchange Purchase,214.84,11.82,18.176,
03/28/2017,DFA Inflation-Protected Securities,DIPSX,Exchange Purchase,312.41,11.82,26.431,
03/27/2017,DFA Inflation-Protected Securities,DIPSX,Exchange Purchase,236.37,11.86,19.930,
03/27/2017,DFA Inflation-Protected Securities,DIPSX,Exchange Purchase,107.42,11.86,9.057,
03/27/2017,DFA Inflation-Protected Securities,DIPSX,Exchange Purchase,156.21,11.86,13.171,
03/24/2017,DFA Inflation-Protected Securities,DIPSX,Exchange Purchase,236.37,11.83,19.981,
03/24/2017,DFA Inflation-Protected Securities,DIPSX,Exchange Purchase,107.42,11.83,9.080,
03/24/2017,DFA Inflation-Protected Securities,DIPSX,Exchange Purchase,156.21,11.83,13.205,
03/22/2017,DFA Inflation-Protected Securities,DIPSX,Exchange Purchase,236.37,11.83,19.981,
03/22/2017,DFA Inflation-Protected Securities,DIPSX,Exchange Purchase,107.42,11.83,9.080,
03/22/2017,DFA Inflation-Protected Securities,DIPSX,Exchange Purchase,156.21,11.83,13.205,
03/21/2017,DFA Inflation-Protected Securities,DIPSX,Exchange Purchase,236.37,11.82,19.997,
03/21/2017,DFA Inflation-Protected Securities,DIPSX,Exchange Purchase,107.42,11.82,9.088,
03/21/2017,DFA Inflation-Protected Securities,DIPSX,Exchange Purchase,156.21,11.82,13.216,
03/20/2017,DFA Inflation-Protected Securities,DIPSX,Exchange Purchase,236.37,11.80,20.031,
03/20/2017,DFA Inflation-Protected Securities,DIPSX,Exchange Purchase,107.42,11.80,9.103,
03/20/2017,DFA Inflation-Protected Securities,DIPSX,Exchange Purchase,156.21,11.80,13.238,
03/17/2017,DFA Inflation-Protected Securities,DIPSX,Exchange Purchase,236.37,11.77,20.082,
03/17/2017,DFA Inflation-Protected Securities,DIPSX,Exchange Purchase,107.42,11.77,9.127,
03/17/2017,DFA Inflation-Protected Securities,DIPSX,Exchange Purchase,156.21,11.77,13.272,
03/16/2017,DFA Inflation-Protected Securities,DIPSX,Exchange Purchase,354.56,11.75,30.175,
03/16/2017,DFA Inflation-Protected Securities,DIPSX,Exchange Purchase,161.13,11.75,13.713,
03/16/2017,DFA Inflation-Protected Securities,DIPSX,Exchange Purchase,234.31,11.75,19.941,
03/15/2017,DFA Inflation-Protected Securities,DIPSX,Exchange Purchase,472.75,11.77,40.166,
03/15/2017,DFA Inflation-Protected Securities,DIPSX,Exchange Purchase,214.84,11.77,18.253,
03/15/2017,DFA Inflation-Protected Securities,DIPSX,Exchange Purchase,312.41,11.77,26.543,
03/02/2017,DFA Inflation-Protected Securities,DIPSX,Exchange Purchase,118.19,11.75,10.059,
03/02/2017,DFA Inflation-Protected Securities,DIPSX,Exchange Purchase,53.71,11.75,4.571,
03/02/2017,DFA Inflation-Protected Securities,DIPSX,Exchange Purchase,78.10,11.75,6.647,
02/15/2017,DFA Inflation-Protected Securities,DIPSX,Exchange Purchase,470.67,11.77,39.989,
02/15/2017,DFA Inflation-Protected Securities,DIPSX,Exchange Purchase,216.86,11.77,18.425,
02/15/2017,DFA Inflation-Protected Securities,DIPSX,Exchange Purchase,312.47,11.77,26.548,
02/14/2017,DFA Inflation-Protected Securities,DIPSX,Exchange Purchase,352.71,11.76,29.992,
02/14/2017,DFA Inflation-Protected Securities,DIPSX,Exchange Purchase,162.93,11.76,13.855,
02/14/2017,DFA Inflation-Protected Securities,DIPSX,Exchange Purchase,234.36,11.76,19.929,
02/13/2017,DFA Inflation-Protected Securities,DIPSX,Exchange Purchase,235.14,11.79,19.944,
02/13/2017,DFA Inflation-Protected Securities,DIPSX,Exchange Purchase,108.62,11.79,9.213,
02/13/2017,DFA Inflation-Protected Securities,DIPSX,Exchange Purchase,156.24,11.79,13.252,
02/10/2017,DFA Inflation-Protected Securities,DIPSX,Exchange Purchase,163.45,11.81,13.840,
02/10/2017,DFA Inflation-Protected Securities,DIPSX,Exchange Purchase,9.62,11.81,0.815,
02/10/2017,DFA Inflation-Protected Securities,DIPSX,Exchange Purchase,76.93,11.81,6.514,
02/09/2017,DFA Inflation-Protected Securities,DIPSX,Exchange Purchase,163.47,11.81,13.842,
02/09/2017,DFA Inflation-Protected Securities,DIPSX,Exchange Purchase,9.61,11.81,0.814,
02/09/2017,DFA Inflation-Protected Securities,DIPSX,Exchange Purchase,76.92,11.81,6.513,
02/01/2017,DFA Inflation-Protected Securities,DIPSX,Exchange Purchase,163.46,11.78,13.876,
02/01/2017,DFA Inflation-Protected Securities,DIPSX,Exchange Purchase,9.62,11.78,0.817,
02/01/2017,DFA Inflation-Protected Securities,DIPSX,Exchange Purchase,76.92,11.78,6.530,
01/25/2017,DFA Inflation-Protected Securities,DIPSX,Exchange Purchase,472.65,11.74,40.260,
01/25/2017,DFA Inflation-Protected Securities,DIPSX,Exchange Purchase,214.31,11.74,18.255,
01/25/2017,DFA Inflation-Protected Securities,DIPSX,Exchange Purchase,313.04,11.74,26.664,
01/24/2017,DFA Inflation-Protected Securities,DIPSX,Exchange Purchase,113.03,11.78,9.595,
01/24/2017,DFA Inflation-Protected Securities,DIPSX,Exchange Purchase,60.00,11.78,5.093,
01/24/2017,DFA Inflation-Protected Securities,DIPSX,Exchange Purchase,76.97,11.78,6.534,
01/20/2017,DFA Inflation-Protected Securities,DIPSX,Exchange Purchase,118.47,11.76,10.074,
01/20/2017,DFA Inflation-Protected Securities,DIPSX,Exchange Purchase,53.17,11.76,4.521,
01/20/2017,DFA Inflation-Protected Securities,DIPSX,Exchange Purchase,78.36,11.76,6.663,
01/19/2017,DFA Inflation-Protected Securities,DIPSX,Exchange Purchase,355.40,11.75,30.247,
01/19/2017,DFA Inflation-Protected Securities,DIPSX,Exchange Purchase,159.50,11.75,13.575,
01/19/2017,DFA Inflation-Protected Securities,DIPSX,Exchange Purchase,235.10,11.75,20.009,
01/18/2017,DFA Inflation-Protected Securities,DIPSX,Exchange Purchase,118.47,11.75,10.083,
01/18/2017,DFA Inflation-Protected Securities,DIPSX,Exchange Purchase,53.17,11.75,4.525,
01/18/2017,DFA Inflation-Protected Securities,DIPSX,Exchange Purchase,78.36,11.75,6.669,
01/17/2017,DFA Inflation-Protected Securities,DIPSX,Exchange Purchase,118.47,11.82,10.023,
01/17/2017,DFA Inflation-Protected Securities,DIPSX,Exchange Purchase,53.17,11.82,4.498,
01/17/2017,DFA Inflation-Protected Securities,DIPSX,Exchange Purchase,78.36,11.82,6.629,
01/13/2017,DFA Inflation-Protected Securities,DIPSX,Exchange Purchase,118.09,11.77,10.033,
01/13/2017,DFA Inflation-Protected Securities,DIPSX,Exchange Purchase,53.53,11.77,4.548,
01/13/2017,DFA Inflation-Protected Securities,DIPSX,Exchange Purchase,78.38,11.77,6.659,
01/12/2017,DFA Inflation-Protected Securities,DIPSX,Exchange Purchase,113.03,11.80,9.579,
01/12/2017,DFA Inflation-Protected Securities,DIPSX,Exchange Purchase,60.00,11.80,5.085,
01/12/2017,DFA Inflation-Protected Securities,DIPSX,Exchange Purchase,76.97,11.80,6.523,
01/11/2017,DFA Inflation-Protected Securities,DIPSX,Exchange Purchase,118.32,11.78,10.044,
01/11/2017,DFA Inflation-Protected Securities,DIPSX,Exchange Purchase,53.17,11.78,4.514,
01/11/2017,DFA Inflation-Protected Securities,DIPSX,Exchange Purchase,78.51,11.78,6.665,
01/10/2017,DFA Inflation-Protected Securities,DIPSX,Exchange Purchase,118.48,11.75,10.083,
01/10/2017,DFA Inflation-Protected Securities,DIPSX,Exchange Purchase,52.96,11.75,4.507,
01/10/2017,DFA Inflation-Protected Securities,DIPSX,Exchange Purchase,78.56,11.75,6.686,
01/09/2017,DFA Inflation-Protected Securities,DIPSX,Exchange Purchase,118.48,11.74,10.092,
01/09/2017,DFA Inflation-Protected Securities,DIPSX,Exchange Purchase,52.96,11.74,4.511,
01/09/2017,DFA Inflation-Protected Securities,DIPSX,Exchange Purchase,78.56,11.74,6.692,
01/04/2017,DFA Inflation-Protected Securities,DIPSX,Exchange Purchase,118.13,11.72,10.079,
01/04/2017,DFA Inflation-Protected Securities,DIPSX,Exchange Purchase,53.03,11.72,4.525,
01/04/2017,DFA Inflation-Protected Securities,DIPSX,Exchange Purchase,78.84,11.72,6.727,
01/03/2017,DFA Inflation-Protected Securities,DIPSX,Exchange Purchase,187.50,11.70,16.026,
01/03/2017,DFA Inflation-Protected Securities,DIPSX,Exchange Purchase,12.50,11.70,1.068,
01/03/2017,DFA Inflation-Protected Securities,DIPSX,Exchange Purchase,50.00,11.70,4.274,
01/20/2017,DFA International Large Cap Growth Port,DILRX,Exchange Redemption,-428.99,10.93,-39.249,
01/20/2017,DFA International Large Cap Growth Port,DILRX,Exchange Redemption,-199.88,10.93,-18.287,
01/20/2017,DFA International Large Cap Growth Port,DILRX,Exchange Redemption,-282.97,10.93,-25.889,
01/12/2017,DFA International Large Cap Growth Port,DILRX,Exchange Redemption,-470.47,10.90,-43.162,
01/12/2017,DFA International Large Cap Growth Port,DILRX,Exchange Redemption,-219.21,10.90,-20.111,
01/12/2017,DFA International Large Cap Growth Port,DILRX,Exchange Redemption,-310.32,10.90,-28.470,
01/11/2017,DFA International Large Cap Growth Port,DILRX,Exchange Redemption,-470.46,10.92,-43.082,
01/11/2017,DFA International Large Cap Growth Port,DILRX,Exchange Redemption,-219.21,10.92,-20.074,
01/11/2017,DFA International Large Cap Growth Port,DILRX,Exchange Redemption,-310.33,10.92,-28.419,
01/10/2017,DFA International Large Cap Growth Port,DILRX,Exchange Redemption,-235.23,10.85,-21.680,
01/10/2017,DFA International Large Cap Growth Port,DILRX,Exchange Redemption,-109.61,10.85,-10.102,
01/10/2017,DFA International Large Cap Growth Port,DILRX,Exchange Redemption,-155.16,10.85,-14.300,
01/05/2017,DFA International Large Cap Growth Port,DILRX,Exchange Redemption,-235.23,10.88,-21.620,
01/05/2017,DFA International Large Cap Growth Port,DILRX,Exchange Redemption,-109.61,10.88,-10.074,
01/05/2017,DFA International Large Cap Growth Port,DILRX,Exchange Redemption,-155.16,10.88,-14.261,
01/20/2017,DFA International Value III,DFVIX,Exchange Redemption,-338.66,14.74,-22.975,
01/20/2017,DFA International Value III,DFVIX,Exchange Redemption,-159.91,14.74,-10.849,
01/20/2017,DFA International Value III,DFVIX,Exchange Redemption,-223.62,14.74,-15.171,
01/12/2017,DFA International Value III,DFVIX,Exchange Redemption,-234.46,14.73,-15.917,
01/12/2017,DFA International Value III,DFVIX,Exchange Redemption,-110.71,14.73,-7.516,
01/12/2017,DFA International Value III,DFVIX,Exchange Redemption,-154.83,14.73,-10.511,
01/11/2017,DFA International Value III,DFVIX,Exchange Redemption,-234.46,14.73,-15.917,
01/11/2017,DFA International Value III,DFVIX,Exchange Redemption,-110.71,14.73,-7.516,
01/11/2017,DFA International Value III,DFVIX,Exchange Redemption,-154.83,14.73,-10.511,
01/10/2017,DFA International Value III,DFVIX,Exchange Redemption,-117.23,14.55,-8.057,
01/10/2017,DFA International Value III,DFVIX,Exchange Redemption,-55.36,14.55,-3.805,
01/10/2017,DFA International Value III,DFVIX,Exchange Redemption,-77.41,14.55,-5.320,
01/05/2017,DFA International Value III,DFVIX,Exchange Redemption,-117.23,14.68,-7.986,
01/05/2017,DFA International Value III,DFVIX,Exchange Redemption,-55.36,14.68,-3.771,
01/05/2017,DFA International Value III,DFVIX,Exchange Redemption,-77.41,14.68,-5.273,
03/29/2017,DFA Short Duration Real Return Portfolio,DFAIX,Exchange Purchase,118.19,9.96,11.867,
03/29/2017,DFA Short Duration Real Return Portfolio,DFAIX,Exchange Purchase,53.71,9.96,5.393,
03/29/2017,DFA Short Duration Real Return Portfolio,DFAIX,Exchange Purchase,78.10,9.96,7.841,
03/28/2017,DFA Short Duration Real Return Portfolio,DFAIX,Exchange Purchase,236.37,9.95,23.756,
03/28/2017,DFA Short Duration Real Return Portfolio,DFAIX,Exchange Purchase,107.42,9.95,10.796,
03/28/2017,DFA Short Duration Real Return Portfolio,DFAIX,Exchange Purchase,156.21,9.95,15.700,
03/27/2017,DFA Short Duration Real Return Portfolio,DFAIX,Exchange Purchase,118.19,9.95,11.878,
03/27/2017,DFA Short Duration Real Return Portfolio,DFAIX,Exchange Purchase,53.71,9.95,5.398,
03/27/2017,DFA Short Duration Real Return Portfolio,DFAIX,Exchange Purchase,78.10,9.95,7.849,
03/24/2017,DFA Short Duration Real Return Portfolio,DFAIX,Exchange Purchase,118.19,9.95,11.878,
03/24/2017,DFA Short Duration Real Return Portfolio,DFAIX,Exchange Purchase,53.71,9.95,5.398,
03/24/2017,DFA Short Duration Real Return Portfolio,DFAIX,Exchange Purchase,78.10,9.95,7.849,
03/22/2017,DFA Short Duration Real Return Portfolio,DFAIX,Exchange Purchase,118.19,9.95,11.878,
03/22/2017,DFA Short Duration Real Return Portfolio,DFAIX,Exchange Purchase,53.71,9.95,5.398,
03/22/2017,DFA Short Duration Real Return Portfolio,DFAIX,Exchange Purchase,78.10,9.95,7.849,
03/21/2017,DFA Short Duration Real Return Portfolio,DFAIX,Exchange Purchase,118.19,9.95,11.878,
03/21/2017,DFA Short Duration Real Return Portfolio,DFAIX,Exchange Purchase,53.71,9.95,5.398,
03/21/2017,DFA Short Duration Real Return Portfolio,DFAIX,Exchange Purchase,78.10,9.95,7.849,
03/20/2017,DFA Short Duration Real Return Portfolio,DFAIX,Exchange Purchase,163.47,9.94,16.446,
03/20/2017,DFA Short Duration Real Return Portfolio,DFAIX,Exchange Purchase,9.61,9.94,0.967,
03/20/2017,DFA Short Duration Real Return Portfolio,DFAIX,Exchange Purchase,76.92,9.94,7.738,
03/17/2017,DFA Short Duration Real Return Portfolio,DFAIX,Exchange Purchase,236.37,9.93,23.804,
03/17/2017,DFA Short Duration Real Return Portfolio,DFAIX,Exchange Purchase,107.42,9.93,10.818,
03/17/2017,DFA Short Duration Real Return Portfolio,DFAIX,Exchange Purchase,156.21,9.93,15.731,
03/31/2017,Vanguard Total Bond Mkt Index Admiral,VBTLX,Daily Accrual Dividend Reinvestment Incr,32.29,10.68,3.023,
03/31/2017,Vanguard Total Bond Mkt Index Admiral,VBTLX,Daily Accrual Dividend Reinvestment Incr,13.87,10.68,1.299,
03/31/2017,Vanguard Total Bond Mkt Index Admiral,VBTLX,Daily Accrual Dividend Reinvestment Incr,21.12,10.68,1.978,
03/29/2017,Vanguard Total Bond Mkt Index Admiral,VBTLX,Exchange Purchase,472.75,10.68,44.265,
03/29/2017,Vanguard Total Bond Mkt Index Admiral,VBTLX,Exchange Purchase,214.84,10.68,20.116,
03/29/2017,Vanguard Total Bond Mkt Index Admiral,VBTLX,Exchange Purchase,312.41,10.68,29.252,
03/28/2017,Vanguard Total Bond Mkt Index Admiral,VBTLX,Exchange Purchase,945.48,10.66,88.694,
03/28/2017,Vanguard Total Bond Mkt Index Admiral,VBTLX,Exchange Purchase,429.69,10.66,40.309,
03/28/2017,Vanguard Total Bond Mkt Index Admiral,VBTLX,Exchange Purchase,624.83,10.66,58.614,
03/27/2017,Vanguard Total Bond Mkt Index Admiral,VBTLX,Exchange Purchase,472.75,10.69,44.224,
03/27/2017,Vanguard Total Bond Mkt Index Admiral,VBTLX,Exchange Purchase,214.84,10.69,20.097,
03/27/2017,Vanguard Total Bond Mkt Index Admiral,VBTLX,Exchange Purchase,312.41,10.69,29.224,
03/24/2017,Vanguard Total Bond Mkt Index Admiral,VBTLX,Exchange Purchase,472.75,10.67,44.306,
03/24/2017,Vanguard Total Bond Mkt Index Admiral,VBTLX,Exchange Purchase,214.84,10.67,20.135,
03/24/2017,Vanguard Total Bond Mkt Index Admiral,VBTLX,Exchange Purchase,312.41,10.67,29.279,
03/22/2017,Vanguard Total Bond Mkt Index Admiral,VBTLX,Exchange Purchase,472.75,10.67,44.306,
03/22/2017,Vanguard Total Bond Mkt Index Admiral,VBTLX,Exchange Purchase,214.84,10.67,20.135,
03/22/2017,Vanguard Total Bond Mkt Index Admiral,VBTLX,Exchange Purchase,312.41,10.67,29.279,
03/21/2017,Vanguard Total Bond Mkt Index Admiral,VBTLX,Exchange Purchase,472.75,10.66,44.348,
03/21/2017,Vanguard Total Bond Mkt Index Admiral,VBTLX,Exchange Purchase,214.84,10.66,20.154,
03/21/2017,Vanguard Total Bond Mkt Index Admiral,VBTLX,Exchange Purchase,312.41,10.66,29.307,
03/20/2017,Vanguard Total Bond Mkt Index Admiral,VBTLX,Exchange Purchase,472.75,10.64,44.431,
03/20/2017,Vanguard Total Bond Mkt Index Admiral,VBTLX,Exchange Purchase,214.84,10.64,20.192,
03/20/2017,Vanguard Total Bond Mkt Index Admiral,VBTLX,Exchange Purchase,312.41,10.64,29.362,
03/17/2017,Vanguard Total Bond Mkt Index Admiral,VBTLX,Exchange Purchase,472.75,10.62,44.515,
03/17/2017,Vanguard Total Bond Mkt Index Admiral,VBTLX,Exchange Purchase,214.84,10.62,20.230,
03/17/2017,Vanguard Total Bond Mkt Index Admiral,VBTLX,Exchange Purchase,312.41,10.62,29.417,
03/16/2017,Vanguard Total Bond Mkt Index Admiral,VBTLX,Exchange Purchase,980.77,10.60,92.525,
03/16/2017,Vanguard Total Bond Mkt Index Admiral,VBTLX,Exchange Purchase,57.70,10.60,5.443,
03/16/2017,Vanguard Total Bond Mkt Index Admiral,VBTLX,Exchange Purchase,461.53,10.60,43.541,
03/15/2017,Vanguard Total Bond Mkt Index Admiral,VBTLX,Exchange Purchase,945.49,10.61,89.113,
03/15/2017,Vanguard Total Bond Mkt Index Admiral,VBTLX,Exchange Purchase,429.68,10.61,40.498,
03/15/2017,Vanguard Total Bond Mkt Index Admiral,VBTLX,Exchange Purchase,624.83,10.61,58.891,
03/02/2017,Vanguard Total Bond Mkt Index Admiral,VBTLX,Exchange Purchase,709.12,10.64,66.647,
03/02/2017,Vanguard Total Bond Mkt Index Admiral,VBTLX,Exchange Purchase,322.26,10.64,30.288,
03/02/2017,Vanguard Total Bond Mkt Index Admiral,VBTLX,Exchange Purchase,468.62,10.64,44.043,
02/28/2017,Vanguard Total Bond Mkt Index Admiral,VBTLX,Daily Accrual Dividend Reinvestment Incr,21.89,10.71,2.044,
02/28/2017,Vanguard Total Bond Mkt Index Admiral,VBTLX,Daily Accrual Dividend Reinvestment Incr,9.79,10.71,0.914,
02/28/2017,Vanguard Total Bond Mkt Index Admiral,VBTLX,Daily Accrual Dividend Reinvestment Incr,14.57,10.71,1.360,
02/15/2017,Vanguard Total Bond Mkt Index Admiral,VBTLX,Exchange Purchase,941.34,10.63,88.555,
02/15/2017,Vanguard Total Bond Mkt Index Admiral,VBTLX,Exchange Purchase,433.73,10.63,40.802,
02/15/2017,Vanguard Total Bond Mkt Index Admiral,VBTLX,Exchange Purchase,624.93,10.63,58.789,
02/14/2017,Vanguard Total Bond Mkt Index Admiral,VBTLX,Exchange Purchase,587.85,10.65,55.197,
02/14/2017,Vanguard Total Bond Mkt Index Admiral,VBTLX,Exchange Purchase,271.55,10.65,25.498,
02/14/2017,Vanguard Total Bond Mkt Index Admiral,VBTLX,Exchange Purchase,390.60,10.65,36.676,
02/13/2017,Vanguard Total Bond Mkt Index Admiral,VBTLX,Exchange Purchase,470.28,10.67,44.075,
02/13/2017,Vanguard Total Bond Mkt Index Admiral,VBTLX,Exchange Purchase,217.24,10.67,20.360,
02/13/2017,Vanguard Total Bond Mkt Index Admiral,VBTLX,Exchange Purchase,312.48,10.67,29.286,
02/10/2017,Vanguard Total Bond Mkt Index Admiral,VBTLX,Exchange Purchase,117.57,10.68,11.008,
02/10/2017,Vanguard Total Bond Mkt Index Admiral,VBTLX,Exchange Purchase,54.31,10.68,5.085,
02/10/2017,Vanguard Total Bond Mkt Index Admiral,VBTLX,Exchange Purchase,78.12,10.68,7.315,
02/09/2017,Vanguard Total Bond Mkt Index Admiral,VBTLX,Exchange Purchase,163.47,10.68,15.306,
02/09/2017,Vanguard Total Bond Mkt Index Admiral,VBTLX,Exchange Purchase,9.61,10.68,0.900,
02/09/2017,Vanguard Total Bond Mkt Index Admiral,VBTLX,Exchange Purchase,76.92,10.68,7.202,
02/01/2017,Vanguard Total Bond Mkt Index Admiral,VBTLX,Exchange Purchase,163.46,10.64,15.363,
02/01/2017,Vanguard Total Bond Mkt Index Admiral,VBTLX,Exchange Purchase,9.62,10.64,0.904,
02/01/2017,Vanguard Total Bond Mkt Index Admiral,VBTLX,Exchange Purchase,76.92,10.64,7.229,
01/31/2017,Vanguard Total Bond Mkt Index Admiral,VBTLX,Daily Accrual Dividend Reinvestment Incr,19.49,10.66,1.828,
01/31/2017,Vanguard Total Bond Mkt Index Admiral,VBTLX,Daily Accrual Dividend Reinvestment Incr,8.91,10.66,0.836,
01/31/2017,Vanguard Total Bond Mkt Index Admiral,VBTLX,Daily Accrual Dividend Reinvestment Incr,13.11,10.66,1.230,
01/25/2017,Vanguard Total Bond Mkt Index Admiral,VBTLX,Exchange Purchase,472.65,10.62,44.506,
01/25/2017,Vanguard Total Bond Mkt Index Admiral,VBTLX,Exchange Purchase,214.31,10.62,20.180,
01/25/2017,Vanguard Total Bond Mkt Index Admiral,VBTLX,Exchange Purchase,313.04,10.62,29.477,
03/31/2017,Ssga State Street US Gov Class P,GVMXX,Daily Accrual Dividend Reinvestment Incr,0.17,1.00,0.170,
03/31/2017,Ssga State Street US Gov Class P,GVMXX,Daily Accrual Dividend Reinvestment Incr,0.01,1.00,0.010,
03/31/2017,Ssga State Street US Gov Class P,GVMXX,Daily Accrual Dividend Reinvestment Incr,0.08,1.00,0.080,
03/31/2017,Ssga State Street US Gov Class P,GVMXX,ACH Contribution,616.21,1.00,616.210,
03/31/2017,Ssga State Street US Gov Class P,GVMXX,ACH Contribution,36.25,1.00,36.250,
03/31/2017,Ssga State Street US Gov Class P,GVMXX,ACH Contribution,289.98,1.00,289.980,
03/20/2017,Ssga State Street US Gov Class P,GVMXX,Exchange Redemption,-163.47,1.00,-163.470,
03/20/2017,Ssga State Street US Gov Class P,GVMXX,Exchange Redemption,-9.61,1.00,-9.610,
03/20/2017,Ssga State Street US Gov Class P,GVMXX,Exchange Redemption,-76.92,1.00,-76.920,
03/16/2017,Ssga State Street US Gov Class P,GVMXX,Exchange Redemption,-980.77,1.00,-980.770,
03/16/2017,Ssga State Street US Gov Class P,GVMXX,Exchange Redemption,-57.70,1.00,-57.700,
03/16/2017,Ssga State Street US Gov Class P,GVMXX,Exchange Redemption,-461.53,1.00,-461.530,
03/15/2017,Ssga State Street US Gov Class P,GVMXX,ACH Contribution,616.21,1.00,616.210,
03/15/2017,Ssga State Street US Gov Class P,GVMXX,ACH Contribution,36.25,1.00,36.250,
03/15/2017,Ssga State Street US Gov Class P,GVMXX,ACH Contribution,289.98,1.00,289.980,
02/28/2017,Ssga State Street US Gov Class P,GVMXX,Daily Accrual Dividend Reinvestment Incr,0.33,1.00,0.330,
02/28/2017,Ssga State Street US Gov Class P,GVMXX,Daily Accrual Dividend Reinvestment Incr,0.02,1.00,0.020,
02/28/2017,Ssga State Street US Gov Class P,GVMXX,Daily Accrual Dividend Reinvestment Incr,0.15,1.00,0.150,
02/28/2017,Ssga State Street US Gov Class P,GVMXX,ACH Contribution,616.21,1.00,616.210,
02/28/2017,Ssga State Street US Gov Class P,GVMXX,ACH Contribution,36.25,1.00,36.250,
02/28/2017,Ssga State Street US Gov Class P,GVMXX,ACH Contribution,289.98,1.00,289.980,
02/27/2017,Ssga State Street US Gov Class P,GVMXX,Exchange Redemption,-616.21,1.00,-616.210,
02/27/2017,Ssga State Street US Gov Class P,GVMXX,Exchange Redemption,-36.25,1.00,-36.250,
02/27/2017,Ssga State Street US Gov Class P,GVMXX,Exchange Redemption,-289.98,1.00,-289.980,
02/15/2017,Ssga State Street US Gov Class P,GVMXX,ACH Contribution,616.21,1.00,616.210,
02/15/2017,Ssga State Street US Gov Class P,GVMXX,ACH Contribution,36.25,1.00,36.250,
02/15/2017,Ssga State Street US Gov Class P,GVMXX,ACH Contribution,289.98,1.00,289.980,
02/14/2017,Ssga State Street US Gov Class P,GVMXX,Exchange Redemption,-122.58,1.00,-122.580,
02/14/2017,Ssga State Street US Gov Class P,GVMXX,Exchange Redemption,-7.21,1.00,-7.210,
02/14/2017,Ssga State Street US Gov Class P,GVMXX,Exchange Redemption,-57.68,1.00,-57.680,
02/10/2017,Ssga State Street US Gov Class P,GVMXX,Exchange Redemption,-653.80,1.00,-653.800,
02/10/2017,Ssga State Street US Gov Class P,GVMXX,Exchange Redemption,-38.48,1.00,-38.480,
02/10/2017,Ssga State Street US Gov Class P,GVMXX,Exchange Redemption,-307.72,1.00,-307.720,
02/09/2017,Ssga State Street US Gov Class P,GVMXX,Exchange Redemption,-817.35,1.00,-817.350,
02/09/2017,Ssga State Street US Gov Class P,GVMXX,Exchange Redemption,-48.05,1.00,-48.050,
02/09/2017,Ssga State Street US Gov Class P,GVMXX,Exchange Redemption,-384.60,1.00,-384.600,
02/01/2017,Ssga State Street US Gov Class P,GVMXX,Exchange Redemption,-817.30,1.00,-817.300,
02/01/2017,Ssga State Street US Gov Class P,GVMXX,Exchange Redemption,-48.10,1.00,-48.100,
02/01/2017,Ssga State Street US Gov Class P,GVMXX,Exchange Redemption,-384.60,1.00,-384.600,
01/31/2017,Ssga State Street US Gov Class P,GVMXX,Daily Accrual Dividend Reinvestment Incr,0.04,1.00,0.040,
01/31/2017,Ssga State Street US Gov Class P,GVMXX,Daily Accrual Dividend Reinvestment Incr,0.01,1.00,0.010,
01/31/2017,Ssga State Street US Gov Class P,GVMXX,Daily Accrual Dividend Reinvestment Incr,0.02,1.00,0.020,
01/31/2017,Ssga State Street US Gov Class P,GVMXX,ACH Contribution,2410.99,1.00,2410.990,
01/31/2017,Ssga State Street US Gov Class P,GVMXX,ACH Contribution,141.83,1.00,141.830,
01/31/2017,Ssga State Street US Gov Class P,GVMXX,ACH Contribution,1134.58,1.00,1134.580,
01/13/2017,Ssga State Street US Gov Class P,GVMXX,Exchange Redemption,-579.96,1.00,-579.960,
01/13/2017,Ssga State Street US Gov Class P,GVMXX,Exchange Redemption,-72.50,1.00,-72.500,
01/13/2017,Ssga State Street US Gov Class P,GVMXX,Exchange Redemption,-289.98,1.00,-289.980,
01/13/2017,Ssga State Street US Gov Class P,GVMXX,ACH Contribution,579.96,1.00,579.960,
01/13/2017,Ssga State Street US Gov Class P,GVMXX,ACH Contribution,72.50,1.00,72.500,
01/13/2017,Ssga State Street US Gov Class P,GVMXX,ACH Contribution,289.98,1.00,289.980,
01/04/2017,Ssga State Street US Gov Class P,GVMXX,Exchange Redemption,-424.13,1.00,-424.130,
01/04/2017,Ssga State Street US Gov Class P,GVMXX,Exchange Redemption,-28.29,1.00,-28.290,
01/04/2017,Ssga State Street US Gov Class P,GVMXX,Exchange Redemption,-113.11,1.00,-113.110,
01/03/2017,Ssga State Street US Gov Class P,GVMXX,Exchange Redemption,-937.50,1.00,-937.500,
01/03/2017,Ssga State Street US Gov Class P,GVMXX,Exchange Redemption,-62.50,1.00,-62.500,
01/03/2017,Ssga State Street US Gov Class P,GVMXX,Exchange Redemption,-250.00,1.00,-250.000,
